序号,股票代码,股票简称,,上市日期,上市首日换手率(%),发行价(元),上市日期,CPI,PPI,板块涨幅,第一日涨幅,第二日涨幅,第三日涨幅,Max_Close_7,Max_Date_7,天数_7,收益率_7,Max_Close_30,Max_Date_30,天数_30,收益率_30,Max_Close_90,Max_Date_90,天数_90,收益率_90
1,688001,华兴源创,2019/7/31,20190722,80.03,24.26,2019/7/22,2.8,-0.3,-1.32%,128.77,-0.12,0.06,54.72,2019/7/22,0,1.26,75.52,2019/8/7,16,2.11,75.51663208,2019/8/7,16,2.11280429
2,688002,睿创微纳,2019/7/31,20190722,80.48,20,2019/7/22,2.8,-0.3,3.92%,151,-0.13,0.06,49.93,2019/7/22,0,1.50,71.76,2019/8/5,14,2.59,71.76076508,2019/8/5,14,2.588038254
3,688003,天准科技,2019/7/31,20190722,74.03,25.5,2019/7/22,2.8,-0.3,-0.62%,85.88,-0.15,0.08,48.44,2019/7/25,3,0.90,68.33,2019/8/5,14,1.68,68.32619476,2019/8/5,14,1.679458618
4,688004,博汇科技,2020/6/30,20200612,72.07,28.77,2020/6/12,2.5,-3,9.53%,340.74,0.03,-0.11,129.66,2020/6/15,3,3.51,129.66,2020/6/15,3,3.51,129.6558838,2020/6/15,3,3.506634821
5,688005,容百科技,2019/7/31,20190722,79.44,26.62,2019/7/22,2.8,-0.3,-2.28%,86.06,-0.16,0.06,49.26,2019/7/22,0,0.85,66.83,2019/8/5,14,1.51,66.82831573,2019/8/5,14,1.510455137
6,688006,杭可科技,2019/7/31,20190722,79.48,27.43,2019/7/22,2.8,-0.3,-2.28%,99.13,-0.14,0.07,53.99,2019/7/22,0,0.97,72.84,2019/8/7,16,1.66,72.83881378,2019/8/7,16,1.655443448
7,688007,光峰科技,2019/7/31,20190722,78.86,17.5,2019/7/22,2.8,-0.3,5.20%,121.94,-0.11,0.16,41.87,2019/7/25,3,1.39,54.58,2019/8/5,14,2.12,54.57853317,2019/8/5,14,2.118773324
8,688008,澜起科技,2019/7/31,20190722,78.42,24.8,2019/7/22,2.8,-0.3,5.75%,202.1,-0.01,0.02,77.01,2019/7/25,3,2.11,84.57,2019/8/5,14,2.41,84.57178497,2019/8/5,14,2.41015262
9,688009,中国通号,2019/7/31,20190722,77.98,5.85,2019/7/22,2.8,-0.3,-1.92%,109.74,-0.06,0.03,9.54,2019/7/25,3,0.63,11.30,2019/8/5,14,0.93,11.29571819,2019/8/5,14,0.930891999
10,688010,福光股份,2019/7/31,20190722,74.4,25.22,2019/7/22,2.8,-0.3,3.66%,92.98,0.12,0.49,80.45,2019/7/24,2,2.19,88.44,2019/8/15,24,2.51,88.43824768,2019/8/15,24,2.506671201
11,688011,新光光电,2019/7/31,20190722,76.41,38.09,2019/7/22,2.8,-0.3,3.92%,84.22,-0.14,0.09,69.72,2019/7/22,0,0.83,103.13,2019/8/5,14,1.71,103.134407,2019/8/5,14,1.707650487
12,688012,中微公司,2019/7/31,20190722,75.41,29.01,2019/7/22,2.8,-0.3,5.75%,179.32,0.03,0.02,87.11,2019/7/25,3,2.00,99.37,2019/8/5,14,2.43,99.37000275,2019/8/5,14,2.425370657
13,688013,天臣医疗,2020/9/30,20200928,83.28,18.62,2020/9/28,1.7,-2.1,-5.81%,118.64,-0.11,-0.06,40.02,2020/9/28,0,1.15,40.02,2020/9/28,0,1.15,41.7828598,2020/11/20,53,1.243977433
14,688015,交控科技,2019/7/31,20190722,75.93,16.18,2019/7/22,2.8,-0.3,-1.92%,134.24,0.08,0.02,51.65,2019/7/30,8,2.19,59.43,2019/8/5,14,2.67,59.42950439,2019/8/5,14,2.673022521
15,688016,心脉医疗,2019/7/31,20190722,84.51,46.23,2019/7/22,2.8,-0.3,0.11%,242.42,-0.07,0.05,156.58,2019/7/25,3,2.39,182.25,2019/8/5,14,2.94,182.2484589,2019/8/5,14,2.942211959
16,688017,绿的谐波,2020/8/31,20200828,69.35,35.06,2020/8/28,2.4,-2,5.15%,68.08,-0.07,0.10,55.19,2020/9/3,6,0.57,61.05,2020/9/15,18,0.74,80.4688797,2020/11/23,87,1.295176261
17,688018,乐鑫科技,2019/7/31,20190722,76.65,62.6,2019/7/22,2.8,-0.3,5.75%,106.25,0.14,0.10,158.14,2019/7/24,2,1.53,169.64,2019/8/5,14,1.71,182.4372253,2019/9/24,64,1.914332673
18,688019,安集科技,2019/7/31,20190722,86.19,39.19,2019/7/22,2.8,-0.3,12.03%,400.15,-0.09,0.02,142.90,2019/7/25,3,2.65,148.38,2019/8/5,14,2.79,148.3783112,2019/8/5,14,2.786126848
20,688021,奥福环保,2019/11/30,20191106,75.24,26.17,2019/11/6,4.5,-1.4,0.14%,26.9,0.19,-0.13,38.70,2019/11/7,1,0.48,38.70,2019/11/7,1,0.48,43.23340988,2020/1/20,75,0.652021776
21,688022,瀚川智能,2019/7/31,20190722,72.39,25.79,2019/7/22,2.8,-0.3,-1.32%,94.61,0.09,-0.06,66.24,2019/7/30,8,1.57,89.49,2019/8/5,14,2.47,89.48787689,2019/8/5,14,2.46986727
22,688023,安恒信息,2019/11/30,20191105,81.73,56.5,2019/11/5,4.5,-1.4,-3.40%,39.93,0.12,0.29,120.14,2019/11/11,6,1.13,124.93,2019/11/13,8,1.21,188.5991516,2020/1/22,78,2.338038082
23,688025,杰普特,2019/10/31,20191031,68.85,43.86,2019/10/31,3.8,-1.6,-4.41%,33.74,-0.16,0.00,57.77,2019/10/31,0,0.32,57.77,2019/10/31,0,0.32,57.77314377,2019/10/31,0,0.31721714
24,688026,洁特生物,2020/1/31,20200122,70.4,16.49,2020/1/22,5.4,0.1,10.20%,223.59,0.10,1.09,40.97,2020/1/23,1,1.48,85.43,2020/2/3,12,4.18,85.43239594,2020/2/3,12,4.180860881
25,688027,国盾量子,2020/7/31,20200709,81.56,36.18,2020/7/9,2.7,-2.4,6.01%,923.91,-0.09,0.03,434.74,2020/7/14,5,11.02,434.74,2020/7/14,5,11.02,434.7415161,2020/7/14,5,11.01607286
26,688028,沃尔德,2019/7/31,20190722,75.49,26.68,2019/7/22,2.8,-0.3,-0.52%,109.9,0.05,0.00,88.21,2019/7/30,8,2.31,151.59,2019/8/14,23,4.68,151.5941162,2019/8/14,23,4.681938389
27,688029,南微医学,2019/7/31,20190722,65.68,52.45,2019/7/22,2.8,-0.3,0.11%,110.7,0.12,0.04,91.85,2019/7/25,3,0.75,97.85,2019/8/5,14,0.87,113.8083344,2019/10/18,88,1.169844316
28,688030,山石网科,2019/9/30,20190930,64.4,21.06,2019/9/30,3,-1.2,5.06%,112.73,0.09,-0.10,44.31,2019/9/30,0,1.10,59.35,2019/10/23,23,1.82,59.34506989,2019/10/23,23,1.817904553
29,688031,星环科技,2022/10/31,20221018,73,47.34,2022/10/18,2.1,-1.3,21.46%,60.54,-0.04,-0.07,76.00,2022/10/18,0,0.61,84.30,2022/11/16,29,0.78,106.9199982,2022/12/1,44,1.258555094
30,688032,禾迈股份,2021/12/31,20211220,69.38,557.8,2021/12/20,1.5,10.3,-6.03%,29.98,-0.02,0.05,530.51,2021/12/22,2,-0.05,534.67,2022/1/17,28,-0.04,535.0300903,2022/3/3,73,-0.040820921
31,688033,天宜上佳,2019/7/31,20190722,77.7,20.37,2019/7/22,2.8,-0.3,-1.92%,96.76,0.12,-0.07,46.07,2019/7/30,8,1.26,58.15,2019/8/5,14,1.85,58.1529808,2019/8/5,14,1.8548346
32,688035,德邦科技,2022/9/30,20220919,79.4,46.12,2022/9/19,2.8,0.9,-7.45%,64.46,0.05,-0.16,79.69,2022/9/20,1,0.73,84.61,2022/10/14,25,0.83,87.80000305,2022/11/3,45,0.903729468
33,688036,传音控股,2019/9/30,20190930,67.95,35.15,2019/9/30,3,-1.2,5.30%,64.44,-0.13,-0.04,55.89,2019/9/30,0,0.59,55.89,2019/9/30,0,0.59,55.88951874,2019/9/30,0,0.590028983
34,688037,芯源微,2019/12/31,20191216,84.33,26.97,2019/12/16,4.5,-0.5,13.40%,139.15,-0.09,0.24,75.15,2019/12/19,3,1.79,81.03,2020/1/13,28,2.00,158.603714,2020/2/7,53,4.880745791
35,688038,中科通达,2021/7/31,20210713,84.74,8.6,2021/7/13,1,9,-4.32%,263.02,0.01,-0.14,31.27,2021/7/14,1,2.64,31.27,2021/7/14,1,2.64,31.27056313,2021/7/14,1,2.636111991
36,688039,当虹科技,2019/12/31,20191211,85.72,50.48,2019/12/11,4.5,-0.5,9.54%,54.08,-0.03,-0.05,80.24,2019/12/17,6,0.59,110.73,2020/1/7,27,1.19,136.3850861,2020/2/17,68,1.701764779
37,688041,海光信息,2022/8/31,20220812,59.68,36,2022/8/12,2.5,2.3,-3.10%,66.94,-0.05,0.07,60.69,2022/8/16,4,0.69,60.69,2022/8/16,4,0.69,63.34000015,2022/9/22,41,0.759444449
38,688045,必易微,2022/5/31,20220526,71.9,55.15,2022/5/26,2.1,6.4,11.84%,13.51,-0.11,-0.01,68.05,2022/6/1,6,0.23,72.10,2022/6/7,12,0.31,88.15000153,2022/8/5,71,0.598368115
39,688046,药康生物,2022/4/30,20220425,50.3,22.53,2022/4/25,2.1,8,-18.33%,-17.89,-0.10,0.03,18.65,2022/4/29,4,-0.17,24.10,2022/5/17,22,0.07,32.66999817,2022/7/4,70,0.450066497
40,688047,龙芯中科,2022/6/30,20220624,77.56,60.06,2022/6/24,2.5,6.1,12.19%,48.3,0.13,0.03,103.53,2022/6/28,4,0.72,103.53,2022/6/28,4,0.72,107.6399994,2022/8/5,42,0.792207782
41,688048,长光华芯,2022/4/30,20220401,58.5,80.8,2022/4/1,2.1,8,-17.40%,-1.49,-0.07,-0.06,79.24,2022/4/1,0,-0.02,79.24,2022/4/1,0,-0.02,113.4819107,2022/6/28,88,0.404479093
42,688049,炬芯科技,2021/11/30,20211129,79.66,42.98,2021/11/29,2.3,12.9,20.50%,93.11,-0.03,-0.12,83.00,2021/11/29,0,0.93,83.00,2021/11/29,0,0.93,83,2021/11/29,0,0.931130758
43,688050,爱博医疗,2020/7/31,20200729,78.23,33.55,2020/7/29,2.7,-2.4,16.19%,616.84,0.00,0.03,292.41,2020/8/3,5,7.72,292.41,2020/8/3,5,7.72,292.4091187,2020/8/3,5,7.715622016
44,688051,佳华科技,2020/3/31,20200320,66.56,50.81,2020/3/20,4.3,-1.5,-12.05%,130.29,-0.08,0.03,115.49,2020/3/20,0,1.27,115.49,2020/3/20,0,1.27,115.5707474,2020/6/16,88,1.274566963
45,688052,纳芯微,2022/4/30,20220422,58.37,230,2022/4/22,2.1,8,-17.40%,12.86,-0.09,-0.01,263.39,2022/4/27,5,0.15,318.34,2022/5/17,25,0.38,451.8999939,2022/7/19,88,0.964782582
46,688053,思科瑞,2022/7/31,20220708,55.88,55.53,2022/7/8,2.7,4.2,4.56%,-3.12,-0.07,0.09,57.92,2022/7/14,6,0.04,72.40,2022/8/5,28,0.30,75.02999878,2022/8/11,34,0.351161512
47,688055,龙腾光电,2020/8/31,20200817,80.03,1.22,2020/8/17,2.4,-2,4.24%,707.38,0.35,0.02,13.44,2020/8/19,2,10.02,13.44,2020/8/19,2,10.02,13.4408741,2020/8/19,2,10.01710992
48,688056,莱伯泰科,2020/9/30,20200902,73.79,24.8,2020/9/2,1.7,-2.1,-9.75%,91.13,-0.06,-0.05,46.71,2020/9/2,0,0.88,46.71,2020/9/2,0,0.88,46.71141815,2020/9/2,0,0.883524925
49,688057,金达莱,2020/11/30,20201111,64.93,25.84,2020/11/11,-0.5,-1.5,-0.46%,70.12,-0.12,0.07,40.07,2020/11/11,0,0.55,40.07,2020/11/11,0,0.55,40.06671524,2020/11/11,0,0.550569475
50,688058,宝兰德,2019/11/30,20191101,74.69,79.3,2019/11/1,4.5,-1.4,-3.40%,26.36,-0.06,-0.04,69.37,2019/11/1,0,-0.13,69.37,2019/11/1,0,-0.13,95.53526306,2020/1/22,82,0.204732195
51,688059,华锐精密,2021/2/28,20210208,86.59,37.09,2021/2/8,-0.2,1.7,2.68%,132.41,-0.05,-0.22,84.66,2021/2/8,0,1.28,121.67,2021/3/8,28,2.28,139.1901703,2021/5/6,87,2.752768139
52,688060,云涌科技,2020/7/31,20200710,74.76,44.47,2020/7/10,2.7,-2.4,10.34%,468.05,-0.09,0.06,249.62,2020/7/10,0,4.61,249.62,2020/7/10,0,4.61,249.6205139,2020/7/10,0,4.613233954
53,688061,灿瑞科技,2022/10/31,20221018,47.49,112.69,2022/10/18,2.1,-1.3,6.74%,-16.65,0.00,0.03,96.80,2022/10/20,2,-0.14,112.20,2022/11/15,28,0.00,112.1999969,2022/11/15,28,-0.004348239
54,688062,迈威生物,2022/1/31,20220118,53.61,34.8,2022/1/18,0.9,9.1,-11.99%,-29.6,0.30,-0.14,31.90,2022/1/19,1,-0.08,31.90,2022/1/19,1,-0.08,31.89999962,2022/1/19,1,-0.083333344
55,688063,派能科技,2020/12/31,20201230,75.95,56,2020/12/30,0.2,-0.4,2.38%,320.16,0.10,0.16,299.89,2021/1/4,5,4.36,342.72,2021/1/7,8,5.12,342.7226257,2021/1/7,8,5.120046888
56,688065,凯赛生物,2020/8/31,20200812,58.27,133.45,2020/8/12,2.4,-2,6.66%,17.65,-0.12,0.01,110.62,2020/8/12,0,-0.17,110.62,2020/8/12,0,-0.17,110.6233749,2020/8/12,0,-0.171050019
57,688066,航天宏图,2019/7/31,20190722,76.53,17.25,2019/7/22,2.8,-0.3,3.92%,175.94,0.04,0.04,64.74,2019/7/30,8,2.75,74.79,2019/8/5,14,3.34,74.79049683,2019/8/5,14,3.335680975
58,688067,爱威科技,2021/6/30,20210616,71.12,14.71,2021/6/16,1.1,8.8,-1.05%,160.37,-0.18,-0.02,37.72,2021/6/16,0,1.56,37.72,2021/6/16,0,1.56,37.72261047,2021/6/16,0,1.564419475
59,688068,热景生物,2019/9/30,20190930,74.3,29.46,2019/9/30,3,-1.2,2.52%,140.63,-0.04,-0.03,44.58,2019/9/30,0,0.51,44.58,2019/9/30,0,0.51,44.58369446,2019/9/30,0,0.513363695
60,688069,德林海,2020/7/31,20200722,68.7,67.2,2020/7/22,2.7,-2.4,9.95%,51.34,-0.05,0.02,70.30,2020/7/22,0,0.05,93.21,2020/8/18,27,0.39,93.83495331,2020/8/21,30,0.396353472
61,688070,纵横股份,2021/2/28,20210210,82.84,23.16,2021/2/10,-0.2,1.7,-1.50%,137.52,-0.09,0.01,54.66,2021/2/10,0,1.36,54.66,2021/2/10,0,1.36,54.65674973,2021/2/10,0,1.359963287
62,688071,华依科技,2021/7/31,20210729,86.37,13.73,2021/7/29,1,9,4.05%,213.18,-0.09,-0.03,43.00,2021/7/29,0,2.13,43.45,2021/8/12,14,2.16,47.11999893,2021/8/30,32,2.431900869
63,688072,拓荆科技,2022/4/30,20220420,78.57,71.88,2022/4/20,2.1,8,-17.40%,28.41,0.10,-0.03,101.59,2022/4/21,1,0.41,141.00,2022/5/18,28,0.96,200,2022/7/15,86,1.782415136
64,688073,毕得医药,2022/10/31,20221011,41.06,88,2022/10/11,2.1,-1.3,4.03%,-23.4,0.06,0.09,81.79,2022/10/14,3,-0.07,97.59,2022/11/3,23,0.11,97.68000031,2022/11/18,38,0.110000003
65,688075,安旭生物,2021/11/30,20211118,67.15,78.28,2021/11/18,2.3,12.9,15.02%,13.44,-0.07,0.00,72.32,2021/11/24,6,-0.08,84.99,2021/12/17,29,0.09,198.1441803,2022/1/14,57,1.53122356
66,688076,诺泰生物,2021/5/31,20210520,72.03,15.57,2021/5/20,1.3,9,11.50%,397.75,0.01,0.00,78.29,2021/5/25,5,4.03,91.67,2021/5/31,11,4.89,91.6737442,2021/5/31,11,4.887844843
67,688077,大地熊,2020/7/31,20200722,74.46,28.07,2020/7/22,2.7,-2.4,12.57%,117.35,0.39,-0.16,83.05,2020/7/23,1,1.96,83.05,2020/7/23,1,1.96,83.05363464,2020/7/23,1,1.958804227
68,688078,龙软科技,2019/12/31,20191230,77.36,21.59,2019/12/30,4.5,-0.5,9.54%,126.49,0.04,-0.03,50.07,2019/12/31,1,1.32,56.69,2020/1/22,23,1.63,57.50186157,2020/2/18,50,1.663356256
69,688079,美迪凯,2021/3/31,20210302,76.37,10.19,2021/3/2,0.4,4.4,0.65%,154.66,-0.15,-0.08,25.63,2021/3/2,0,1.52,25.63,2021/3/2,0,1.52,25.62899971,2021/3/2,0,1.515112827
70,688080,映翰通,2020/2/29,20200212,82.12,27.63,2020/2/12,5.2,-0.4,4.94%,383.17,0.05,-0.05,139.00,2020/2/13,1,4.03,139.00,2020/2/13,1,4.03,139.0003052,2020/2/13,1,4.030774708
71,688081,兴图新科,2020/1/31,20200106,75.65,28.21,2020/1/6,5.4,0.1,3.79%,86.92,0.02,0.03,54.69,2020/1/8,2,0.94,57.42,2020/1/22,16,1.04,57.41506577,2020/1/22,16,1.035273512
72,688082,盛美上海,2021/11/30,20211118,72.49,85,2021/11/18,2.3,12.9,20.50%,52.65,-0.03,0.10,137.90,2021/11/22,4,0.62,137.90,2021/11/22,4,0.62,137.8999939,2021/11/22,4,0.622352869
73,688083,中望软件,2021/3/31,20210311,71.28,150.5,2021/3/11,0.4,4.4,-1.36%,171.76,0.10,-0.11,318.62,2021/3/12,1,1.12,336.22,2021/4/6,26,1.23,436.6785889,2021/5/31,81,1.901518863
74,688084,晶品特装,2022/12/31,20221208,66.82,60.98,2022/12/8,1.8,-0.7,-4.43%,44.47,0.02,0.08,98.99,2022/12/14,6,0.62,98.99,2022/12/14,6,0.62,98.98999786,2022/12/14,6,0.623319086
75,688085,三友医疗,2020/4/30,20200409,71.29,20.96,2020/4/9,3.3,-3.1,6.01%,71.76,0.17,-0.02,37.79,2020/4/10,1,0.80,45.36,2020/5/6,27,1.16,71.08631897,2020/6/30,82,2.391522852
76,688086,*ST紫晶,2020/2/29,20200226,69.43,21.49,2020/2/26,5.2,-0.4,3.57%,264.08,-0.11,-0.03,77.50,2020/2/26,0,2.61,77.50,2020/2/26,0,2.61,77.50177765,2020/2/26,0,2.606411245
77,688087,英科再生,2021/7/31,20210709,76.61,21.96,2021/7/9,1,9,1.21%,255.28,0.12,0.23,114.73,2021/7/14,5,4.22,118.67,2021/7/21,12,4.40,118.673317,2021/7/21,12,4.404067257
78,688088,虹软科技,2019/7/31,20190722,79.57,28.88,2019/7/22,2.8,-0.3,-2.19%,126.97,-0.10,0.05,64.61,2019/7/22,0,1.24,84.64,2019/8/5,14,1.93,84.63977814,2019/8/5,14,1.93074024
80,688090,瑞松科技,2020/2/29,20200217,75.69,27.55,2020/2/17,5.2,-0.4,6.16%,263.01,-0.07,0.00,98.46,2020/2/17,0,2.57,98.46,2020/2/17,0,2.57,98.46496582,2020/2/17,0,2.574045946
81,688091,上海谊众,2021/9/30,20210909,68.28,38.1,2021/9/9,0.7,10.7,2.19%,28.58,-0.15,-0.05,32.64,2021/9/9,0,-0.14,32.64,2021/9/9,0,-0.14,36.26697922,2021/11/23,75,-0.048110782
82,688092,爱科科技,2021/3/31,20210319,85.34,19.11,2021/3/19,0.4,4.4,1.83%,128.21,-0.05,-0.11,42.80,2021/3/19,0,1.24,42.80,2021/3/19,0,1.24,42.79615402,2021/3/19,0,1.239463842
83,688093,世华科技,2020/9/30,20200930,66.82,17.55,2020/9/30,1.7,-2.1,-6.93%,62.22,-0.04,0.01,20.09,2020/9/30,0,0.14,20.11,2020/10/13,13,0.15,21.04903984,2020/11/20,51,0.199375489
84,688095,福昕软件,2020/9/30,20200908,67.53,238.53,2020/9/8,1.7,-2.1,-6.71%,29.66,0.06,-0.05,253.31,2020/9/11,3,0.06,257.32,2020/9/18,10,0.08,257.3194885,2020/9/18,10,0.078772014
85,688096,京源环保,2020/4/30,20200409,72.48,14.34,2020/4/9,3.3,-3.1,2.49%,102.58,-0.06,-0.04,27.75,2020/4/9,0,0.93,27.75,2020/4/9,0,0.93,27.74784088,2020/4/9,0,0.934995877
86,688097,博众精工,2021/5/31,20210512,73.45,11.27,2021/5/12,1.3,9,10.53%,85.27,0.14,0.04,25.21,2021/5/18,6,1.24,37.00,2021/6/1,20,2.28,43.08000183,2021/8/4,84,2.822537873
87,688098,申联生物,2019/10/31,20191028,85.1,8.8,2019/10/28,3.8,-1.6,5.13%,318.3,-0.27,-0.17,36.00,2019/10/28,0,3.09,36.00,2019/10/28,0,3.09,36.00181198,2019/10/28,0,3.091114998
88,688099,晶晨股份,2019/8/31,20190808,75.13,38.5,2019/8/8,2.8,-0.8,4.18%,272.36,0.05,-0.12,149.67,2019/8/9,1,2.89,149.67,2019/8/9,1,2.89,149.6746674,2019/8/9,1,2.887653698
89,688100,威胜信息,2020/1/31,20200121,73.07,13.78,2020/1/21,5.4,0.1,1.11%,192.45,-0.12,-0.07,38.75,2020/1/21,0,1.81,38.75,2020/1/21,0,1.81,38.75447464,2020/1/21,0,1.812371164
90,688101,三达膜,2019/11/30,20191115,67.15,18.26,2019/11/15,4.5,-1.4,-4.13%,48.96,-0.15,0.01,26.14,2019/11/15,0,0.43,26.14,2019/11/15,0,0.43,26.13697624,2019/11/15,0,0.431378765
91,688102,斯瑞新材,2022/3/31,20220316,75.12,10.48,2022/3/16,1.5,8.3,-13.55%,90.08,-0.17,-0.10,19.80,2022/3/16,0,0.89,19.80,2022/3/16,0,0.89,19.79646492,2022/3/16,0,0.88897566
92,688103,国力股份,2021/9/30,20210910,88.3,12.04,2021/9/10,0.7,10.7,-2.75%,516.28,0.08,-0.10,79.48,2021/9/13,3,5.60,79.48,2021/9/13,3,5.60,80.60326385,2021/11/29,80,5.694623244
93,688105,诺唯赞,2021/11/30,20211115,71.05,55,2021/11/15,2.3,12.9,9.01%,55.18,0.11,0.02,99.87,2021/11/19,4,0.82,118.58,2021/12/9,24,1.16,124.657814,2021/12/22,37,1.26650571
94,688106,金宏气体,2020/6/30,20200616,69.84,15.48,2020/6/16,2.5,-3,13.97%,151.49,0.00,0.00,39.06,2020/6/22,6,1.52,55.11,2020/7/9,23,2.56,55.10916901,2020/7/9,23,2.560023838
95,688107,安路科技,2021/11/30,20211112,77.24,26,2021/11/12,2.3,12.9,20.50%,170.19,-0.04,-0.07,82.34,2021/11/18,6,2.17,98.28,2021/11/23,11,2.78,98.27999878,2021/11/23,11,2.779999953
96,688108,赛诺医疗,2019/10/31,20191030,83.07,6.99,2019/10/30,3.8,-1.6,2.53%,217.74,-0.15,0.03,22.13,2019/10/30,0,2.17,22.13,2019/10/30,0,2.17,22.13450623,2019/10/30,0,2.166596027
97,688109,品茗科技,2021/3/31,20210330,70.1,50.05,2021/3/30,0.4,4.4,-1.36%,78.82,-0.14,0.02,86.64,2021/3/30,0,0.73,86.64,2021/3/30,0,0.73,86.63821411,2021/3/30,0,0.731033249
99,688111,金山办公,2019/11/30,20191118,63.5,45.86,2019/11/18,4.5,-1.4,-3.40%,175.51,0.08,0.08,146.31,2019/11/20,2,2.19,165.99,2019/12/16,28,2.62,243.5223694,2020/2/7,81,4.310125804
100,688112,鼎阳科技,2021/12/31,20211201,78.42,46.6,2021/12/1,1.5,10.3,1.02%,128.22,0.00,-0.02,109.61,2021/12/6,5,1.35,114.86,2021/12/8,7,1.46,114.8569183,2021/12/8,7,1.464740737
101,688113,联测科技,2021/5/31,20210506,73.75,19.14,2021/5/6,1.3,9,6.91%,251.93,-0.13,0.13,72.71,2021/5/11,5,2.80,72.71,2021/5/11,5,2.80,76.14994812,2021/8/3,89,2.978576182
102,688114,华大智造,2022/9/30,20220909,70.17,87.18,2022/9/9,2.8,0.9,-2.47%,14.71,0.09,0.13,124.00,2022/9/14,5,0.42,124.00,2022/9/14,5,0.42,140.6199951,2022/11/3,55,0.612984573
103,688115,思林杰,2022/3/31,20220314,44.15,65.65,2022/3/14,1.5,8.3,-9.13%,-23.67,-0.08,-0.01,49.56,2022/3/14,0,-0.25,49.56,2022/3/14,0,-0.25,49.56121826,2022/3/14,0,-0.245069029
104,688116,天奈科技,2019/9/30,20190925,75.02,16,2019/9/25,3,-1.2,2.80%,221.19,-0.14,-0.02,51.21,2019/9/25,0,2.20,51.21,2019/9/25,0,2.20,51.2142868,2019/9/25,0,2.200892925
105,688117,圣诺生物,2021/6/30,20210603,73.92,17.9,2021/6/3,1.1,8.8,-1.24%,265.98,0.02,-0.12,66.12,2021/6/4,1,2.69,66.12,2021/6/4,1,2.69,66.12388611,2021/6/4,1,2.69407185
106,688118,普元信息,2019/12/31,20191204,83.72,26.9,2019/12/4,4.5,-0.5,9.54%,60.78,-0.09,-0.07,41.34,2019/12/4,0,0.54,46.79,2019/12/18,14,0.74,55.90175247,2020/2/17,75,1.078132062
107,688119,中钢洛耐,2022/6/30,20220606,77.72,5.06,2022/6/6,2.5,6.1,8.34%,150.59,-0.19,0.01,12.68,2022/6/6,0,1.51,12.68,2022/6/6,0,1.51,12.68000031,2022/6/6,0,1.505928914
108,688120,华海清科,2022/6/30,20220608,64.9,136.66,2022/6/8,2.5,6.1,12.19%,63.98,0.01,0.05,238.50,2022/6/10,2,0.75,275.31,2022/7/7,29,1.01,346.8399963,2022/8/29,82,1.537977436
109,688121,卓然股份,2021/9/30,20210906,75.39,18.16,2021/9/6,0.7,10.7,-6.22%,116.02,0.04,0.13,46.28,2021/9/8,2,1.55,46.70,2021/9/13,7,1.57,46.70000076,2021/9/13,7,1.571585945
110,688122,西部超导,2019/7/31,20190722,83.4,15,2019/7/22,2.8,-0.3,3.92%,266.6,-0.16,0.06,53.65,2019/7/22,0,2.58,64.20,2019/8/5,14,3.28,64.19593811,2019/8/5,14,3.279729207
111,688123,聚辰股份,2019/12/31,20191223,73.2,33.25,2019/12/23,4.5,-0.5,13.40%,139.19,0.01,0.04,82.28,2019/12/25,2,1.47,85.81,2020/1/17,25,1.58,100.4689865,2020/2/18,57,2.021623654
112,688125,安达智能,2022/4/30,20220415,49.41,60.55,2022/4/15,2.1,8,-18.61%,-23.25,-0.03,-0.06,45.39,2022/4/15,0,-0.25,45.39,2022/4/15,0,-0.25,54.5,2022/7/13,89,-0.099917424
113,688126,沪硅产业,2020/4/30,20200420,71.14,3.89,2020/4/20,3.3,-3.1,11.52%,180.46,-0.05,0.14,11.80,2020/4/22,2,2.03,22.70,2020/5/19,29,4.84,63.90000153,2020/7/14,85,15.42673561
114,688127,蓝特光学,2020/9/30,20200921,80.85,15.41,2020/9/21,1.7,-2.1,-6.55%,126.02,-0.07,0.04,34.40,2020/9/21,0,1.23,34.40,2020/9/21,0,1.23,34.57109451,2020/11/16,56,1.243419501
115,688128,中国电研,2019/11/30,20191105,81.34,18.79,2019/11/5,4.5,-1.4,-3.78%,43.27,-0.19,0.06,25.68,2019/11/5,0,0.37,25.68,2019/11/5,0,0.37,25.68314362,2019/11/5,0,0.366851709
116,688129,东来技术,2020/10/31,20201023,72.25,15.22,2020/10/23,0.5,-2.1,-1.71%,123.39,-0.18,0.01,33.09,2020/10/23,0,1.17,33.09,2020/10/23,0,1.17,33.08533096,2020/10/23,0,1.173806239
117,688130,晶华微,2022/7/31,20220729,52.55,62.98,2022/7/29,2.7,4.2,-2.15%,-7.67,0.03,-0.04,63.65,2022/8/4,6,0.01,68.90,2022/8/5,7,0.09,68.90000153,2022/8/5,7,0.093998119
118,688131,皓元医药,2021/6/30,20210608,71.59,64.99,2021/6/8,1.1,8.8,2.58%,382.27,0.10,-0.02,246.08,2021/6/9,1,2.79,270.96,2021/6/22,14,3.17,293.7197876,2021/8/19,72,3.519461265
119,688132,邦彦技术,2022/9/30,20220923,48.41,28.88,2022/9/23,2.8,0.9,-6.44%,-15.17,-0.10,0.00,24.50,2022/9/23,0,-0.15,24.50,2022/9/23,0,-0.15,29.97999954,2022/11/21,59,0.038088627
120,688133,泰坦科技,2020/10/31,20201030,82.02,44.47,2020/10/30,0.5,-2.1,-1.71%,48.55,-0.07,-0.03,69.78,2020/11/4,5,0.57,127.59,2020/11/25,26,1.87,141.410202,2020/12/23,54,2.179901102
121,688135,利扬芯片,2020/11/30,20201111,77.18,15.72,2020/11/11,-0.5,-1.5,7.85%,297.77,-0.08,0.01,69.38,2020/11/17,6,3.41,69.38,2020/11/17,6,3.41,69.37510681,2020/11/17,6,3.413174734
122,688136,科兴制药,2020/12/31,20201214,66.93,22.33,2020/12/14,0.2,-0.4,-1.41%,83.65,0.28,-0.11,52.32,2020/12/15,1,1.34,52.32,2020/12/15,1,1.34,52.32383728,2020/12/15,1,1.343208118
123,688137,近岸蛋白,2022/9/30,20220929,41.34,106.19,2022/9/29,2.8,0.9,-7.96%,-28.89,0.00,-0.11,75.51,2022/9/29,0,-0.29,85.02,2022/10/26,27,-0.20,118,2022/11/29,61,0.111215745
124,688138,清溢光电,2019/11/30,20191120,74.85,8.78,2019/11/20,4.5,-1.4,-0.22%,122.67,-0.17,0.00,19.33,2019/11/20,0,1.20,19.33,2019/11/20,0,1.20,24.28703308,2020/2/17,89,1.766176889
125,688139,海尔生物,2019/10/31,20191025,69.31,15.53,2019/10/25,3.8,-1.6,2.53%,96.2,0.28,-0.11,38.33,2019/10/28,3,1.47,38.33,2019/10/28,3,1.47,38.32666016,2019/10/28,3,1.46791115
126,688141,杰华特,2022/12/31,20221223,72.26,38.26,2022/12/23,1.8,-0.7,-6.31%,32.62,0.04,0.00,52.80,2022/12/27,4,0.38,55.78,2023/1/17,25,0.46,57.5,2023/2/9,48,0.502875065
127,688143,长盈通,2022/12/31,20221212,71.06,35.67,2022/12/12,1.8,-0.7,-7.08%,37.4,0.01,-0.07,49.74,2022/12/13,1,0.39,52.90,2023/1/4,23,0.48,55.20000076,2023/2/6,56,0.547518945
128,688146,中船特气,2023/4/30,20230421,74.24,36.15,2023/4/21,0.5,-3.1,-1.97%,35.8,0.04,-0.11,51.00,2023/4/24,3,0.41,53.11,2023/4/28,7,0.47,53.11000061,2023/4/28,7,0.46915631
129,688147,微导纳米,2022/12/31,20221223,66.99,24.21,2022/12/23,1.8,-0.7,-6.18%,13.38,0.01,0.00,27.81,2022/12/26,3,0.15,32.50,2023/1/19,27,0.34,40.49000168,2023/2/7,46,0.67244947
130,688148,芳源股份,2021/8/31,20210806,80.17,4.58,2021/8/6,0.8,9.5,10.26%,659.83,0.09,-0.09,37.63,2021/8/9,3,7.22,37.63,2021/8/9,3,7.22,37.62560272,2021/8/9,3,7.215197101
131,688150,莱特光电,2022/3/31,20220318,55.14,22.05,2022/3/18,1.5,8.3,-6.94%,-13.83,0.01,-0.05,19.34,2022/3/23,5,-0.12,19.34,2022/3/23,5,-0.12,36.23418808,2022/6/7,81,0.643273836
132,688151,华强科技,2021/12/31,20211206,70.33,35.09,2021/12/6,1.5,10.3,1.68%,24.25,-0.13,0.02,42.98,2021/12/6,0,0.22,42.98,2021/12/6,0,0.22,42.981884,2021/12/6,0,0.224904075
133,688152,麒麟信安,2022/10/31,20221028,77.07,68.89,2022/10/28,2.1,-1.3,21.46%,212.38,0.06,-0.04,230.00,2022/11/2,5,2.34,231.79,2022/11/7,10,2.36,231.7899933,2022/11/7,10,2.364639183
134,688153,唯捷创芯,2022/4/30,20220412,46.85,66.6,2022/4/12,2.1,8,-17.40%,-36.04,0.13,0.16,56.72,2022/4/18,6,-0.15,56.72,2022/4/18,6,-0.15,56.72000122,2022/4/18,6,-0.14834833
135,688155,先惠技术,2020/8/31,20200811,72.22,38.77,2020/8/11,2.4,-2,5.11%,111.53,-0.16,-0.02,81.51,2020/8/11,0,1.10,81.51,2020/8/11,0,1.10,88.62159729,2020/11/6,87,1.28582918
136,688156,路德环境,2020/9/30,20200922,74.15,15.91,2020/9/22,1.7,-2.1,-8.66%,84.16,-0.06,-0.02,28.58,2020/9/22,0,0.80,28.58,2020/9/22,0,0.80,28.58124733,2020/9/22,0,0.796432893
137,688157,松井股份,2020/6/30,20200609,79.81,34.48,2020/6/9,2.5,-3,2.05%,166.82,-0.07,0.11,95.68,2020/6/12,3,1.78,117.18,2020/6/22,13,2.40,117.1822739,2020/6/22,13,2.398557827
138,688158,优刻得,2020/1/31,20200120,71.82,33.23,2020/1/20,5.4,0.1,7.06%,119.53,-0.06,-0.03,72.89,2020/1/20,0,1.19,114.91,2020/2/18,29,2.46,114.9092026,2020/2/18,29,2.457995864
139,688159,有方科技,2020/1/31,20200123,67.64,20.35,2020/1/23,5.4,0.1,1.11%,178.18,-0.20,0.59,56.53,2020/1/23,0,1.78,75.69,2020/2/17,25,2.72,84.40364838,2020/3/2,39,3.147599429
140,688160,步科股份,2020/11/30,20201112,74.6,20.34,2020/11/12,-0.5,-1.5,1.69%,180.48,-0.03,0.28,72.57,2020/11/17,5,2.57,72.57,2020/11/17,5,2.57,72.56761169,2020/11/17,5,2.567729189
141,688161,威高骨科,2021/6/30,20210630,71.95,36.22,2021/6/30,1.1,8.8,-1.05%,192.79,0.01,-0.11,105.87,2021/7/1,1,1.92,105.87,2021/7/1,1,1.92,105.8705978,2021/7/1,1,1.92298724
142,688162,巨一科技,2021/11/30,20211110,85.73,46,2021/11/10,2.3,12.9,14.83%,94.57,0.01,0.16,104.47,2021/11/12,2,1.27,125.86,2021/11/30,20,1.74,125.8648529,2021/11/30,20,1.736192454
143,688163,赛伦生物,2022/3/31,20220311,71.35,33.03,2022/3/11,1.5,8.3,-4.48%,67.42,-0.08,-0.17,53.52,2022/3/11,0,0.62,53.52,2022/3/11,0,0.62,53.52249908,2022/3/11,0,0.620420802
144,688165,埃夫特,2020/7/31,20200715,70.93,6.35,2020/7/15,2.7,-2.4,14.57%,387.87,-0.06,-0.24,30.98,2020/7/15,0,3.88,30.98,2020/7/15,0,3.88,30.97999954,2020/7/15,0,3.878740085
145,688166,博瑞医药,2019/11/30,20191108,70.87,12.71,2019/11/8,4.5,-1.4,-0.56%,140.83,0.06,-0.13,32.11,2019/11/11,3,1.53,32.11,2019/11/11,3,1.53,44.55252075,2020/2/5,89,2.505312412
146,688167,炬光科技,2021/12/31,20211224,74.52,78.69,2021/12/24,1.5,10.3,-4.28%,145.14,-0.06,0.08,213.55,2021/12/30,6,1.71,219.00,2021/12/31,7,1.78,219,2021/12/31,7,1.783072817
147,688168,安博通,2019/9/30,20190906,73.03,56.88,2019/9/6,3,-1.2,5.06%,216.53,-0.03,-0.05,126.58,2019/9/6,0,1.23,126.58,2019/9/6,0,1.23,126.576683,2019/9/6,0,1.225328464
148,688169,石头科技,2020/2/29,20200221,72.68,271.12,2020/2/21,5.2,-0.4,2.68%,84.46,-0.08,0.02,352.98,2020/2/21,0,0.30,352.98,2020/2/21,0,0.30,352.9802551,2020/2/21,0,0.301933665
149,688170,德龙激光,2022/4/30,20220429,44.86,30.18,2022/4/29,2.1,8,-18.61%,-2.25,-0.06,-0.02,29.18,2022/4/29,0,-0.03,30.62,2022/5/11,12,0.01,56.32681656,2022/7/11,73,0.866362378
150,688171,纬德信息,2022/1/31,20220127,70.36,28.68,2022/1/27,0.9,9.1,-4.62%,23.57,-0.19,0.02,35.13,2022/1/27,0,0.22,35.13,2022/1/27,0,0.22,36.57431793,2022/3/2,34,0.275255158
151,688172,燕东微,2022/12/31,20221216,60.82,21.98,2022/12/16,1.8,-0.7,-6.31%,4.69,-0.11,0.00,23.01,2022/12/16,0,0.05,23.01,2022/12/16,0,0.05,23.5,2023/2/2,48,0.069153776
152,688173,希荻微,2022/1/31,20220121,78.22,33.57,2022/1/21,0.9,9.1,-14.96%,31.22,-0.22,-0.04,44.05,2022/1/21,0,0.31,44.05,2022/1/21,0,0.31,44.04999924,2022/1/21,0,0.312183474
153,688175,高凌信息,2022/3/31,20220315,53.41,51.68,2022/3/15,1.5,8.3,-12.42%,-10.99,0.01,-0.01,47.17,2022/3/21,6,-0.09,47.17,2022/3/21,6,-0.09,47.16728973,2022/3/21,6,-0.087320245
154,688176,亚虹医药,2022/1/31,20220107,48.53,22.98,2022/1/7,0.9,9.1,-10.00%,-23.41,0.03,-0.03,18.07,2022/1/10,3,-0.21,18.07,2022/1/10,3,-0.21,18.06999969,2022/1/10,3,-0.213664069
155,688177,百奥泰,2020/2/29,20200221,63.9,32.76,2020/2/21,5.2,-0.4,2.32%,83.76,0.01,0.02,62.01,2020/2/25,4,0.89,62.88,2020/3/9,17,0.92,62.88000107,2020/3/9,17,0.919413952
156,688178,万德斯,2020/1/31,20200114,73.97,25.2,2020/1/14,5.4,0.1,0.13%,102.9,-0.05,0.07,52.39,2020/1/17,3,1.08,53.28,2020/2/7,24,1.11,53.2840004,2020/2/7,24,1.11444446
157,688179,阿拉丁,2020/10/31,20201026,70.31,19.43,2020/10/26,0.5,-2.1,-1.71%,131.91,0.01,-0.08,32.09,2020/10/27,1,0.65,51.48,2020/11/20,25,1.65,59.46652985,2021/1/22,88,2.060552231
158,688180,君实生物,2020/7/31,20200715,62.06,55.5,2020/7/15,2.7,-2.4,22.48%,172.07,-0.16,-0.08,151.00,2020/7/15,0,1.72,151.00,2020/7/15,0,1.72,151,2020/7/15,0,1.720720721
159,688181,八亿时空,2020/1/31,20200106,69.43,43.98,2020/1/6,5.4,0.1,2.77%,39.36,-0.02,0.03,61.02,2020/1/8,2,0.39,63.85,2020/1/17,11,0.45,63.85486603,2020/1/17,11,0.451906913
160,688182,灿勤科技,2021/11/30,20211116,83.32,10.5,2021/11/16,2.3,12.9,16.29%,85.71,0.26,0.03,27.19,2021/11/22,6,1.59,30.27,2021/11/24,8,1.88,30.26986885,2021/11/24,8,1.882844652
161,688183,生益电子,2021/2/28,20210225,75.39,12.42,2021/2/25,-0.2,1.7,-1.18%,72.62,-0.02,-0.06,20.61,2021/2/25,0,0.66,20.61,2021/2/25,0,0.66,20.60918808,2021/2/25,0,0.659354918
162,688184,帕瓦股份,2022/9/30,20220919,52.85,51.88,2022/9/19,2.8,0.9,-11.28%,-21.76,0.04,-0.02,42.13,2022/9/22,3,-0.19,42.13,2022/9/22,3,-0.19,42.13000107,2022/9/22,3,-0.187933673
163,688185,康希诺,2020/8/31,20200813,69.53,209.71,2020/8/13,2.4,-2,-11.21%,87.45,-0.11,0.04,391.08,2020/8/13,0,0.86,391.08,2020/8/13,0,0.86,431.7357788,2020/10/21,69,1.058727666
164,688186,广大特材,2020/2/29,20200211,73.76,17.16,2020/2/11,5.2,-0.4,-4.54%,210.2,0.02,-0.10,52.34,2020/2/12,1,2.05,52.34,2020/2/12,1,2.05,52.33724594,2020/2/12,1,2.049956057
165,688187,时代电气,2021/9/30,20210907,64.63,31.38,2021/9/7,0.7,10.7,-4.83%,83.24,-0.10,0.02,56.76,2021/9/7,0,0.81,56.76,2021/9/7,0,0.81,86.93369293,2021/11/30,84,1.770353503
166,688188,柏楚电子,2019/8/31,20190808,72.47,68.58,2019/8/8,2.8,-0.8,-1.52%,255.61,-0.01,-0.13,171.14,2019/8/8,0,1.50,171.14,2019/8/8,0,1.50,171.1384735,2019/8/8,0,1.495457473
167,688189,南新制药,2020/3/31,20200326,64.29,34.94,2020/3/26,4.3,-1.5,-0.78%,86.29,-0.15,-0.12,46.13,2020/3/26,0,0.32,46.13,2020/3/26,0,0.32,46.12640762,2020/3/26,0,0.320160493
168,688190,云路股份,2021/11/30,20211126,77.07,46.63,2021/11/26,2.3,12.9,34.98%,182.22,0.09,-0.05,143.34,2021/11/29,3,2.07,143.34,2021/11/29,3,2.07,143.3368683,2021/11/29,3,2.073919543
169,688191,智洋创新,2021/4/30,20210408,71.6,11.38,2021/4/8,0.9,6.8,-1.42%,116.61,-0.13,-0.07,24.21,2021/4/8,0,1.13,24.21,2021/4/8,0,1.13,24.20554543,2021/4/8,0,1.127025081
170,688192,迪哲医药,2021/12/31,20211210,53.6,52.58,2021/12/10,1.5,10.3,6.91%,-21.83,-0.02,0.01,41.10,2021/12/10,0,-0.22,41.10,2021/12/10,0,-0.22,41.09999847,2021/12/10,0,-0.218333996
171,688193,仁度生物,2022/3/31,20220330,62.92,72.65,2022/3/30,1.5,8.3,-4.28%,-10.86,-0.02,-0.05,64.76,2022/3/30,0,-0.11,64.76,2022/3/30,0,-0.11,64.76000214,2022/3/30,0,-0.108602861
172,688195,腾景科技,2021/3/31,20210326,68.6,13.6,2021/3/26,0.4,4.4,0.65%,54.78,-0.08,-0.01,20.67,2021/3/26,0,0.52,27.74,2021/4/20,25,1.04,27.74482918,2021/4/20,25,1.040060969
173,688196,卓越新能,2019/11/30,20191121,72.45,42.93,2019/11/21,4.5,-1.4,-4.13%,18.5,-0.11,-0.09,48.14,2019/11/21,0,0.12,48.14,2019/11/21,0,0.12,48.13547134,2019/11/21,0,0.121254865
174,688197,首药控股,2022/3/31,20220323,42.33,39.9,2022/3/23,1.5,8.3,3.49%,-19.52,-0.04,-0.07,32.11,2022/3/23,0,-0.20,32.11,2022/3/23,0,-0.20,32.11000061,2022/3/23,0,-0.19523808
175,688198,佰仁医疗,2019/12/31,20191209,78.28,23.68,2019/12/9,4.5,-0.5,4.47%,49.41,0.13,-0.14,28.25,2019/12/10,1,0.19,31.32,2019/12/24,15,0.32,40.23039246,2020/1/22,44,0.6989186
176,688199,久日新材,2019/11/30,20191105,69.38,66.68,2019/11/5,4.5,-1.4,-4.13%,6.42,-0.06,0.02,68.30,2019/11/5,0,0.02,68.30,2019/11/5,0,0.02,68.30251312,2019/11/5,0,0.02433283
177,688200,华峰测控,2020/2/29,20200218,73.08,107.41,2020/2/18,5.2,-0.4,6.87%,216.55,-0.04,-0.06,227.57,2020/2/18,0,1.12,227.57,2020/2/18,0,1.12,227.5661926,2020/2/18,0,1.118668584
178,688201,信安世纪,2021/4/30,20210421,70,26.78,2021/4/21,0.9,6.8,-3.39%,53.73,-0.05,0.09,28.12,2021/4/26,5,0.05,42.00,2021/5/19,28,0.57,43.94498825,2021/7/13,83,0.640962967
179,688202,美迪西,2019/11/30,20191105,77.52,41.5,2019/11/5,4.5,-1.4,-3.90%,71.08,-0.07,0.04,50.39,2019/11/5,0,0.21,50.39,2019/11/5,0,0.21,50.38505554,2019/11/5,0,0.214097724
180,688203,海正生材,2022/8/31,20220816,71.29,16.68,2022/8/16,2.5,2.3,-3.76%,25,-0.10,0.06,20.75,2022/8/16,0,0.24,20.75,2022/8/16,0,0.24,20.75224304,2022/8/16,0,0.244139271
181,688205,德科立,2022/8/31,20220809,66.59,48.51,2022/8/9,2.5,2.3,-2.13%,25.79,-0.08,0.04,61.02,2022/8/9,0,0.26,61.02,2022/8/9,0,0.26,61.02000046,2022/8/9,0,0.257884982
182,688206,概伦电子,2021/12/31,20211228,78.37,28.28,2021/12/28,1.5,10.3,3.25%,51.03,-0.10,-0.01,42.68,2021/12/28,0,0.51,42.68,2021/12/28,0,0.51,42.68294907,2021/12/28,0,0.509298058
183,688207,格灵深瞳,2022/3/31,20220317,64.14,39.49,2022/3/17,1.5,8.3,-9.65%,-5.14,-0.07,0.06,37.46,2022/3/17,0,-0.05,37.46,2022/3/17,0,-0.05,37.45999908,2022/3/17,0,-0.051405442
184,688208,道通科技,2020/2/29,20200213,72.27,24.36,2020/2/13,5.2,-0.4,3.57%,204.19,-0.11,0.01,72.72,2020/2/13,0,1.99,72.72,2020/2/13,0,1.99,72.72290039,2020/2/13,0,1.985340739
185,688209,英集芯,2022/4/30,20220419,62.06,24.23,2022/4/19,2.1,8,-17.40%,-9.7,0.05,0.01,23.06,2022/4/21,2,-0.05,23.06,2022/4/21,2,-0.05,30.55167007,2022/6/30,72,0.260902603
187,688211,中科微至,2021/10/31,20211026,47.34,90.2,2021/10/26,1.5,13.5,-0.35%,-12.63,0.00,-0.01,77.81,2021/10/27,1,-0.14,81.75,2021/11/11,16,-0.09,81.74968719,2021/11/11,16,-0.093684177
188,688212,澳华内镜,2021/11/30,20211115,85.21,22.5,2021/11/15,2.3,12.9,15.02%,71.16,-0.10,0.01,38.37,2021/11/15,0,0.71,40.02,2021/11/26,11,0.78,44.84063339,2022/1/10,56,0.99291704
189,688213,思特威,2022/5/31,20220520,78.41,31.51,2022/5/20,2.1,6.4,11.84%,79.82,-0.05,-0.10,56.66,2022/5/20,0,0.80,56.66,2022/5/20,0,0.80,65.15000153,2022/8/5,77,1.067597636
190,688215,瑞晟智能,2020/8/31,20200828,78.34,34.73,2020/8/28,2.4,-2,5.15%,160.32,-0.19,-0.02,89.62,2020/8/28,0,1.58,89.62,2020/8/28,0,1.58,89.616745,2020/8/28,0,1.58038425
191,688216,气派科技,2021/6/30,20210623,85.68,14.82,2021/6/23,1.1,8.8,21.34%,386.64,-0.15,0.04,70.83,2021/6/23,0,3.78,72.22,2021/7/8,15,3.87,72.21808624,2021/7/8,15,3.873015266
192,688217,睿昂基因,2021/5/31,20210517,83.4,18.42,2021/5/17,1.3,9,9.23%,477.74,-0.04,0.07,122.42,2021/5/20,3,5.65,131.68,2021/6/1,15,6.15,131.6799927,2021/6/1,15,6.14875096
193,688218,江苏北人,2019/12/31,20191211,77.4,17.36,2019/12/11,4.5,-0.5,12.93%,84.74,-0.10,-0.03,31.58,2019/12/11,0,0.82,31.58,2019/12/11,0,0.82,36.24245071,2020/2/13,64,1.087698774
194,688219,会通股份,2020/11/30,20201118,83.49,8.29,2020/11/18,-0.5,-1.5,5.56%,373.46,-0.10,-0.02,38.97,2020/11/18,0,3.70,38.97,2020/11/18,0,3.70,38.96815872,2020/11/18,0,3.700622282
195,688220,翱捷科技,2022/1/31,20220114,53.09,164.54,2022/1/14,0.9,9.1,-14.96%,-33.75,-0.03,0.01,109.00,2022/1/14,0,-0.34,109.00,2022/1/14,0,-0.34,109,2022/1/14,0,-0.337547101
196,688221,前沿生物,2020/10/31,20201028,65.62,20.5,2020/10/28,0.5,-2.1,-1.62%,45.9,-0.15,-0.01,29.91,2020/10/28,0,0.46,29.91,2020/10/28,0,0.46,29.90999985,2020/10/28,0,0.459024383
197,688222,成都先导,2020/4/30,20200416,75.1,20.52,2020/4/16,3.3,-3.1,1.22%,129.43,-0.15,-0.01,46.74,2020/4/16,0,1.28,46.74,2020/4/16,0,1.28,59.71947479,2020/7/13,88,1.910305789
198,688223,晶科能源,2022/1/31,20220126,66.73,5,2022/1/26,0.9,9.1,-12.71%,111,-0.04,0.03,10.53,2022/1/26,0,1.11,11.63,2022/2/22,27,1.33,12.8800869,2022/3/10,43,1.57601738
199,688225,亚信安全,2022/2/28,20220209,87.5,30.51,2022/2/9,0.9,8.8,3.77%,27.53,-0.17,-0.08,38.65,2022/2/9,0,0.27,38.65,2022/2/9,0,0.27,38.65316772,2022/2/9,0,0.266901597
200,688226,威腾电气,2021/7/31,20210707,82.83,6.42,2021/7/7,1,9,12.75%,196.73,0.01,-0.07,19.00,2021/7/8,1,1.96,19.00,2021/7/8,1,1.96,19.00408173,2021/7/8,1,1.960137341
201,688227,品高股份,2021/12/31,20211230,58.67,37.09,2021/12/30,1.5,10.3,3.25%,-11.51,-0.02,0.00,32.60,2021/12/30,0,-0.12,32.60,2021/12/30,0,-0.12,32.59698105,2021/12/30,0,-0.121138284
203,688229,博睿数据,2020/8/31,20200817,73.2,65.82,2020/8/17,2.4,-2,2.06%,84,0.06,-0.12,144.80,2020/8/21,4,1.20,179.44,2020/9/2,16,1.73,179.4409027,2020/9/2,16,1.726236747
204,688230,芯导科技,2021/12/31,20211201,74.49,134.81,2021/12/1,1.5,10.3,-5.50%,39.92,-0.10,0.02,133.56,2021/12/1,0,-0.01,133.56,2021/12/1,0,-0.01,133.5578766,2021/12/1,0,-0.00928806
205,688231,隆达股份,2022/7/31,20220722,57.83,39.08,2022/7/22,2.7,4.2,4.56%,-4.38,0.07,0.10,44.82,2022/7/27,5,0.15,44.82,2022/7/27,5,0.15,44.81999969,2022/7/27,5,0.146878191
206,688232,新点软件,2021/11/30,20211117,48.73,48.49,2021/11/17,2.3,12.9,15.69%,-4.5,0.05,-0.03,47.96,2021/11/18,1,-0.01,47.96,2021/11/18,1,-0.01,57.98784256,2022/1/17,61,0.195872191
207,688233,神工股份,2020/2/29,20200221,74.08,21.67,2020/2/21,5.2,-0.4,6.87%,259.76,-0.02,0.01,76.75,2020/2/21,0,2.54,76.75,2020/2/21,0,2.54,76.75350952,2020/2/21,0,2.541924759
208,688234,天岳先进,2022/1/31,20220112,69.44,82.79,2022/1/12,0.9,9.1,-14.96%,3.27,-0.04,-0.05,85.50,2022/1/12,0,0.03,85.50,2022/1/12,0,0.03,85.5,2022/1/12,0,0.032733422
209,688235,百济神州,2021/12/31,20211215,34.24,192.6,2021/12/15,1.5,10.3,1.82%,-16.42,0.00,0.01,162.00,2021/12/17,2,-0.16,162.00,2021/12/17,2,-0.16,162,2021/12/17,2,-0.158878505
210,688236,春立医疗,2021/12/31,20211230,54.4,29.81,2021/12/30,1.5,10.3,1.68%,-3.99,-0.04,-0.01,28.42,2021/12/30,0,-0.05,28.42,2021/12/30,0,-0.05,28.42469406,2021/12/30,0,-0.046471182
211,688237,超卓航科,2022/7/31,20220701,79.52,41.27,2022/7/1,2.7,4.2,4.56%,68.4,-0.03,-0.03,69.50,2022/7/1,0,0.68,69.50,2022/7/1,0,0.68,77.18000031,2022/8/12,42,0.870123584
212,688238,和元生物,2022/3/31,20220322,79.22,13.23,2022/3/22,1.5,8.3,1.64%,65.61,0.17,0.03,26.41,2022/3/24,2,1.00,26.41,2022/3/24,2,1.00,26.40999985,2022/3/24,2,0.996220699
213,688239,航宇科技,2021/7/31,20210705,75.11,11.48,2021/7/5,1,9,3.63%,240.77,0.05,-0.01,46.88,2021/7/9,4,3.08,59.34,2021/7/29,24,4.17,68.15619659,2021/8/26,52,4.936950923
214,688244,永信至诚,2022/10/31,20221019,81.05,49.19,2022/10/19,2.1,-1.3,21.46%,22.48,-0.06,0.00,61.53,2022/10/24,5,0.25,76.50,2022/11/17,29,0.56,80.26999664,2022/11/21,33,0.631835671
215,688246,嘉和美康,2021/12/31,20211214,71.35,39.5,2021/12/14,1.5,10.3,3.25%,8.23,-0.01,0.04,44.37,2021/12/16,2,0.12,44.37,2021/12/16,2,0.12,44.36999893,2021/12/16,2,0.123291112
216,688247,宣泰医药,2022/8/31,20220825,69.82,9.37,2022/8/25,2.5,2.3,-3.73%,45.14,-0.11,-0.03,13.60,2022/8/25,0,0.45,13.60,2022/8/25,0,0.45,13.64999962,2022/11/14,81,0.456776907
217,688248,南网科技,2021/12/31,20211222,84.52,12.24,2021/12/22,1.5,10.3,8.88%,124.67,0.01,-0.05,27.68,2021/12/23,1,1.26,27.68,2021/12/23,1,1.26,27.67565727,2021/12/23,1,1.26108311
219,688251,井松智能,2022/6/30,20220606,77.74,35.62,2022/6/6,2.5,6.1,10.42%,56.54,-0.13,0.02,55.76,2022/6/6,0,0.57,55.76,2022/6/6,0,0.57,55.75999832,2022/6/6,0,0.565412642
220,688252,天德钰,2022/9/30,20220927,52.26,21.68,2022/9/27,2.8,0.9,-12.49%,-4.47,-0.09,-0.06,20.71,2022/9/27,0,-0.04,22.05,2022/10/21,24,0.02,22.04999924,2022/10/21,24,0.017066385
221,688253,英诺特,2022/7/31,20220728,76.54,26.06,2022/7/28,2.7,4.2,-1.54%,26.63,-0.09,0.00,33.00,2022/7/28,0,0.27,33.00,2022/7/28,0,0.27,33,2022/7/28,0,0.266308519
222,688255,凯尔达,2021/10/31,20211025,72.41,47.11,2021/10/25,1.5,13.5,-1.81%,10.76,-0.13,-0.08,51.27,2021/10/25,0,0.09,51.27,2021/10/25,0,0.09,51.27174759,2021/10/25,0,0.088341065
223,688256,寒武纪,2020/7/31,20200720,77.92,64.39,2020/7/20,2.7,-2.4,10.01%,229.86,0.29,0.03,281.50,2020/7/23,3,3.37,281.50,2020/7/23,3,3.37,281.5,2020/7/23,3,3.371796863
224,688257,新锐股份,2021/10/31,20211027,50.03,62.3,2021/10/27,1.5,13.5,-0.35%,-14.04,-0.07,0.00,52.89,2021/10/27,0,-0.15,62.00,2021/11/15,19,0.00,70.97698212,2022/1/10,75,0.139277402
225,688258,卓易信息,2019/12/31,20191209,81.88,26.49,2019/12/9,4.5,-0.5,9.54%,108.38,0.43,-0.13,78.32,2019/12/10,1,1.96,94.00,2019/12/18,9,2.55,135.3324127,2020/2/24,77,4.108811352
226,688259,创耀科技,2022/1/31,20220112,77.43,66.6,2022/1/12,0.9,9.1,-14.96%,32.36,-0.03,-0.04,107.91,2022/1/18,6,0.62,107.91,2022/1/18,6,0.62,107.9106674,2022/1/18,6,0.620280292
227,688260,昀冢科技,2021/4/30,20210406,73.72,9.63,2021/4/6,0.9,6.8,-3.30%,196.26,-0.09,-0.10,28.37,2021/4/6,0,1.95,28.37,2021/4/6,0,1.95,28.37017632,2021/4/6,0,1.946020386
228,688261,东微半导,2022/2/28,20220210,71.27,130,2022/2/10,0.9,8.8,4.72%,0.08,0.05,0.03,147.99,2022/2/16,6,0.14,203.40,2022/3/1,19,0.56,203.3975983,2022/3/1,19,0.56459691
229,688262,国芯科技,2022/1/31,20220106,72.59,41.98,2022/1/6,0.9,9.1,-14.96%,11.29,0.01,0.00,47.35,2022/1/12,6,0.13,48.55,2022/1/18,12,0.16,48.54920959,2022/1/18,12,0.156484269
230,688265,南模生物,2021/12/31,20211228,54.71,84.62,2021/12/28,1.5,10.3,-4.46%,-18.02,0.04,0.02,72.75,2021/12/30,2,-0.14,73.86,2022/1/12,15,-0.13,73.85766602,2022/1/12,15,-0.127184282
231,688266,泽璟制药,2020/1/31,20200123,64.12,33.76,2020/1/23,5.4,0.1,4.49%,120.94,-0.10,0.15,74.59,2020/1/23,0,1.21,80.81,2020/2/5,13,1.39,80.80999756,2020/2/5,13,1.393661065
232,688267,中触媒,2022/2/28,20220216,74.56,41.9,2022/2/16,0.9,8.8,7.18%,0.72,0.07,-0.06,46.35,2022/2/21,5,0.11,49.78,2022/2/28,12,0.19,49.78071594,2022/2/28,12,0.188083913
233,688268,华特气体,2019/12/31,20191226,77.56,22.16,2019/12/26,4.5,-0.5,18.02%,134.66,-0.08,-0.09,51.33,2019/12/26,0,1.32,74.82,2020/1/22,27,2.38,84.2990036,2020/2/18,54,2.804106661
234,688269,凯立新材,2021/6/30,20210609,78.13,18.94,2021/6/9,1.1,8.8,-2.00%,320.22,0.46,-0.09,81.60,2021/6/10,1,3.31,98.15,2021/6/30,21,4.18,99.18662262,2021/8/24,76,4.236886094
235,688270,臻镭科技,2022/1/31,20220127,51.3,61.88,2022/1/27,0.9,9.1,-14.96%,-9.18,-0.02,-0.01,55.92,2022/1/27,0,-0.10,64.38,2022/2/25,29,0.04,69.03063965,2022/3/28,60,0.115556555
236,688271,联影医疗,2022/8/31,20220822,60.76,109.88,2022/8/22,2.5,2.3,-3.43%,64.93,0.00,-0.03,182.00,2022/8/23,1,0.66,182.00,2022/8/23,1,0.66,214.8800049,2022/10/14,53,0.955587959
237,688272,*ST富吉,2021/10/31,20211018,73.44,22.56,2021/10/18,1.5,13.5,1.05%,104.39,0.04,-0.09,48.15,2021/10/22,4,1.13,57.79,2021/11/12,25,1.56,66.42900848,2021/12/1,44,1.944548248
238,688273,麦澜德,2022/8/31,20220811,71.88,40.29,2022/8/11,2.5,2.3,-3.43%,9.38,-0.01,-0.10,43.44,2022/8/11,0,0.08,43.44,2022/8/11,0,0.08,43.43680954,2022/8/11,0,0.078103985
239,688275,万润新能,2022/9/30,20220929,38.39,299.88,2022/9/29,2.8,0.9,-11.28%,-27.59,-0.06,-0.05,217.14,2022/9/29,0,-0.28,217.14,2022/9/29,0,-0.28,223.2599945,2022/11/4,36,-0.255502219
240,688276,百克生物,2021/6/30,20210625,66.11,36.35,2021/6/25,1.1,8.8,-4.07%,226,-0.09,-0.07,118.30,2021/6/25,0,2.25,118.30,2021/6/25,0,2.25,118.2993546,2021/6/25,0,2.25445267
241,688277,天智航,2020/7/31,20200707,75.13,12.04,2020/7/7,2.7,-2.4,16.19%,614.29,0.21,-0.02,118.00,2020/7/13,6,8.80,141.60,2020/7/14,7,10.76,141.6000061,2020/7/14,7,10.76079785
242,688278,特宝生物,2020/1/31,20200117,78.2,8.24,2020/1/17,5.4,0.1,6.64%,328.4,0.21,0.15,49.10,2020/1/21,4,4.96,49.10,2020/1/21,4,4.96,49.09766388,2020/1/21,4,4.958454354
243,688279,峰岹科技,2022/4/30,20220420,48.22,82,2022/4/20,2.1,8,-17.40%,-19.27,-0.07,-0.03,65.80,2022/4/20,0,-0.20,65.80,2022/4/20,0,-0.20,77.19579315,2022/6/24,65,-0.058587888
244,688280,精进电动,2021/10/31,20211027,78.53,13.78,2021/10/27,1.5,13.5,2.72%,28.45,-0.22,0.01,17.70,2021/10/27,0,0.28,21.72,2021/11/17,21,0.58,22.03000069,2021/11/29,33,0.598693809
245,688281,华秦科技,2022/3/31,20220307,75.88,189.5,2022/3/7,1.5,8.3,-12.42%,37.2,0.01,0.12,209.13,2022/3/10,3,0.10,209.13,2022/3/10,3,0.10,264.6499939,2022/6/2,87,0.396569889
246,688282,理工导航,2022/3/31,20220318,51.28,65.21,2022/3/18,1.5,8.3,-12.42%,-15.04,0.02,-0.06,55.59,2022/3/21,3,-0.15,55.59,2022/3/21,3,-0.15,55.59423065,2022/3/21,3,-0.147458509
247,688283,坤恒顺维,2022/2/28,20220215,78.42,33.8,2022/2/15,0.9,8.8,7.77%,11.04,0.00,-0.05,37.65,2022/2/16,1,0.11,37.65,2022/2/16,1,0.11,37.6513443,2022/2/16,1,0.113945098
248,688285,高铁电气,2021/10/31,20211020,76.63,7.18,2021/10/20,1.5,13.5,-3.25%,48.33,-0.08,0.00,10.54,2021/10/20,0,0.47,10.54,2021/10/20,0,0.47,10.70798683,2022/1/6,78,0.491363068
249,688286,敏芯股份,2020/8/31,20200810,79.42,62.67,2020/8/10,2.4,-2,-2.87%,269.4,-0.16,-0.11,230.69,2020/8/10,0,2.68,230.69,2020/8/10,0,2.68,230.6858978,2020/8/10,0,2.680962148
250,688287,观典防务,2022/5/31,20220525,22.95,21.88,2022/5/25,2.1,6.4,13.98%,-23.63,0.08,-0.07,18.06,2022/5/26,1,-0.17,20.58,2022/6/2,8,-0.06,20.57522202,2022/6/2,8,-0.059633363
251,688288,鸿泉物联,2019/11/30,20191106,75.91,24.99,2019/11/6,4.5,-1.4,-4.16%,25.09,0.43,-0.17,43.99,2019/11/7,1,0.76,43.99,2019/11/7,1,0.76,43.98646164,2019/11/7,1,0.760162531
252,688289,圣湘生物,2020/8/31,20200828,67.92,50.48,2020/8/28,2.4,-2,-6.54%,129.91,-0.08,0.01,73.04,2020/8/28,0,0.45,73.04,2020/8/28,0,0.45,81.78387451,2020/10/14,47,0.620124297
253,688290,景业智能,2022/4/30,20220429,50.92,33.89,2022/4/29,2.1,8,-18.61%,-6.37,0.07,-0.06,28.07,2022/5/5,6,-0.17,36.76,2022/5/12,13,0.08,69.23390198,2022/7/27,89,1.042900619
254,688291,金橙子,2022/10/31,20221026,71.28,26.77,2022/10/26,2.1,-1.3,21.46%,27.16,-0.05,-0.13,34.04,2022/10/26,0,0.27,34.04,2022/10/26,0,0.27,34.04000092,2022/10/26,0,0.27157269
255,688292,浩瀚深度,2022/8/31,20220818,69.09,16.56,2022/8/18,2.5,2.3,-2.13%,20.17,-0.07,-0.02,19.90,2022/8/18,0,0.20,19.90,2022/8/18,0,0.20,19.89999962,2022/8/18,0,0.201690798
256,688293,奥浦迈,2022/9/30,20220902,73.47,80.2,2022/9/2,2.8,0.9,-11.32%,58.65,-0.10,0.03,127.24,2022/9/2,0,0.59,132.50,2022/9/22,20,0.65,132.5,2022/9/22,20,0.652119701
257,688295,中复神鹰,2022/4/30,20220406,72.48,29.33,2022/4/6,2.1,8,-18.80%,24.62,-0.09,-0.04,36.55,2022/4/6,0,0.25,36.55,2022/4/6,0,0.25,39.56000137,2022/6/24,79,0.348789682
258,688296,和达科技,2021/7/31,20210727,71.02,12.46,2021/7/27,1,9,-4.32%,161.72,-0.19,0.25,36.76,2021/8/2,6,1.95,54.60,2021/8/25,29,3.38,55.59540176,2021/8/26,30,3.461910254
260,688298,东方生物,2020/2/29,20200205,69.13,21.25,2020/2/5,5.2,-0.4,8.01%,586.96,-0.12,0.06,97.25,2020/2/5,0,3.58,97.25,2020/2/5,0,3.58,97.25489807,2020/2/5,0,3.576701086
261,688299,长阳科技,2019/11/30,20191106,74,13.71,2019/11/6,4.5,-1.4,0.51%,30.27,0.18,-0.04,20.75,2019/11/7,1,0.51,21.74,2019/11/14,8,0.59,24.16711426,2020/1/17,72,0.76273627
262,688300,联瑞新材,2019/11/30,20191115,72.88,27.28,2019/11/15,4.5,-1.4,-4.03%,61.29,-0.15,-0.01,29.61,2019/11/15,0,0.09,29.61,2019/11/15,0,0.09,38.53951645,2020/1/20,66,0.412738873
263,688301,奕瑞科技,2020/9/30,20200918,74.06,119.6,2020/9/18,1.7,-2.1,-5.81%,33.86,0.06,-0.01,119.58,2020/9/23,5,0.00,119.58,2020/9/23,5,0.00,151.9998627,2020/11/10,53,0.270901862
264,688302,海创药业,2022/4/30,20220412,64.49,42.92,2022/4/12,2.1,8,-17.66%,-29.87,0.37,-0.08,41.30,2022/4/13,1,-0.04,41.30,2022/4/13,1,-0.04,47.59999847,2022/6/28,77,0.109040039
265,688303,大全能源,2021/7/31,20210722,62.15,21.49,2021/7/22,1,9,12.75%,184.36,0.02,0.14,65.08,2021/7/26,4,2.03,66.50,2021/8/5,14,2.09,83.43808746,2021/8/31,40,2.88264716
266,688305,科德数控,2021/7/31,20210709,76.6,11.03,2021/7/9,1,9,2.73%,853.04,0.00,0.02,113.80,2021/7/14,5,9.32,113.80,2021/7/14,5,9.32,148.1999969,2021/8/30,52,12.43608313
267,688306,均普智能,2022/3/31,20220322,71.45,5.08,2022/3/22,1.5,8.3,-13.54%,35.43,-0.06,-0.09,6.88,2022/3/22,0,0.35,6.88,2022/3/22,0,0.35,6.880000114,2022/3/22,0,0.354330731
268,688307,中润光学,2023/2/28,20230216,76.2,23.88,2023/2/16,1,-1.4,7.50%,102.18,-0.06,-0.10,48.28,2023/2/16,0,1.02,48.28,2023/2/16,0,1.02,48.27999878,2023/2/16,0,1.021775493
269,688308,欧科亿,2020/12/31,20201210,69.32,23.99,2020/12/10,0.2,-0.4,-5.09%,76.7,-0.17,-0.09,41.68,2020/12/10,0,0.74,41.68,2020/12/10,0,0.74,41.67544174,2020/12/10,0,0.737200573
270,688309,*ST恒誉,2020/7/31,20200714,71.94,24.79,2020/7/14,2.7,-2.4,9.95%,239.73,-0.13,-0.15,84.01,2020/7/14,0,2.39,84.01,2020/7/14,0,2.39,84.01279449,2020/7/14,0,2.388979205
271,688310,迈得医疗,2019/12/31,20191203,72.83,24.79,2019/12/3,4.5,-0.5,12.93%,25.17,-0.10,-0.02,29.71,2019/12/3,0,0.20,29.71,2019/12/3,0,0.20,37.71923828,2020/2/5,64,0.521550556
272,688311,盟升电子,2020/7/31,20200731,74.7,41.58,2020/7/31,2.7,-2.4,26.62%,228.91,0.05,-0.04,149.44,2020/8/6,6,2.59,170.45,2020/8/11,11,3.10,170.4450531,2020/8/11,11,3.099207626
273,688312,燕麦科技,2020/6/30,20200608,72.93,19.68,2020/6/8,2.5,-3,9.64%,210.87,-0.04,-0.05,57.88,2020/6/8,0,1.94,57.88,2020/6/8,0,1.94,57.8841629,2020/6/8,0,1.94126844
274,688313,仕佳光子,2020/8/31,20200812,76.35,10.82,2020/8/12,2.4,-2,-0.10%,269.04,-0.12,0.04,39.74,2020/8/12,0,2.67,39.74,2020/8/12,0,2.67,39.73885345,2020/8/12,0,2.672722131
275,688314,康拓医疗,2021/5/31,20210518,90.58,17.34,2021/5/18,1.3,9,9.23%,430.85,0.11,-0.03,70.72,2021/5/19,1,3.08,91.77,2021/6/1,14,4.29,91.7678833,2021/6/1,14,4.292265473
276,688315,诺禾致源,2021/4/30,20210413,78.51,12.76,2021/4/13,0.9,6.8,15.26%,114.73,-0.09,-0.04,29.84,2021/4/16,3,1.34,43.91,2021/4/29,16,2.44,61.67443466,2021/6/7,55,3.833419644
277,688316,青云科技,2021/3/31,20210316,74.28,63.7,2021/3/16,0.4,4.4,-1.36%,28.93,0.03,-0.14,84.85,2021/3/17,1,0.33,84.85,2021/3/17,1,0.33,95.31999969,2021/6/2,78,0.49638932
278,688317,之江生物,2021/1/31,20210118,66.88,43.22,2021/1/18,-0.3,0.3,-1.09%,73.25,-0.07,0.01,79.68,2021/1/22,4,0.84,84.55,2021/1/25,7,0.96,84.54523468,2021/1/25,7,0.956159988
279,688318,财富趋势,2020/4/30,20200427,72.5,107.41,2020/4/27,3.3,-3.1,4.46%,87.41,-0.12,0.01,140.60,2020/4/27,0,0.31,152.32,2020/5/20,23,0.42,291.1086731,2020/7/8,72,1.710256709
280,688319,欧林生物,2021/6/30,20210608,84.4,9.88,2021/6/8,1.1,8.8,-4.07%,303.85,-0.06,0.00,39.90,2021/6/8,0,3.04,41.02,2021/7/2,24,3.15,41.02000046,2021/7/2,24,3.151821909
281,688320,禾川科技,2022/4/30,20220428,45.68,23.66,2022/4/28,2.1,8,-18.61%,-16.74,-0.03,0.02,19.70,2022/4/28,0,-0.17,20.12,2022/5/11,13,-0.15,53.20000076,2022/6/28,61,1.248520742
282,688321,微芯生物,2019/8/31,20190812,80.76,20.43,2019/8/12,2.8,-0.8,3.19%,366.52,-0.11,0.17,102.00,2019/8/15,3,3.99,102.00,2019/8/15,3,3.99,102,2019/8/15,3,3.992657856
283,688322,奥比中光,2022/7/31,20220707,70.22,30.99,2022/7/7,2.7,4.2,4.12%,38.85,-0.16,-0.08,43.03,2022/7/7,0,0.39,43.09,2022/8/5,29,0.39,43.09000015,2022/8/5,29,0.390448537
284,688323,瑞华泰,2021/4/30,20210428,88.96,5.97,2021/4/28,0.9,6.8,1.03%,354.27,0.04,-0.02,28.02,2021/4/29,1,3.69,36.51,2021/5/11,13,5.12,38.44562912,2021/7/7,70,5.439803873
285,688325,赛微微电,2022/4/30,20220422,36.79,74.55,2022/4/22,2.1,8,-17.40%,-26.06,-0.20,-0.12,55.12,2022/4/22,0,-0.26,55.12,2022/4/22,0,-0.26,65.15000153,2022/6/28,67,-0.126089852
286,688326,经纬恒润,2022/4/30,20220419,39.31,121,2022/4/19,2.1,8,-22.79%,-17.35,0.03,-0.09,103.20,2022/4/20,1,-0.15,111.68,2022/5/18,29,-0.08,165.4499969,2022/7/15,87,0.367355347
287,688327,云从科技,2022/5/31,20220527,73.67,15.37,2022/5/27,2.1,6.4,8.82%,39.23,-0.09,0.35,32.30,2022/6/2,6,1.10,35.88,2022/6/7,11,1.33,35.88000107,2022/6/7,11,1.334417766
288,688328,深科达,2021/3/31,20210309,79.18,16.49,2021/3/9,0.4,4.4,1.83%,216.56,-0.23,-0.06,51.36,2021/3/9,0,2.11,51.36,2021/3/9,0,2.11,51.35549545,2021/3/9,0,2.11434175
289,688329,艾隆科技,2021/3/31,20210329,73.23,16.81,2021/3/29,0.4,4.4,-4.93%,68.35,0.02,-0.07,28.17,2021/3/30,1,0.68,28.17,2021/3/30,1,0.68,49.40692139,2021/6/25,88,1.93913869
290,688330,宏力达,2020/10/31,20201015,63.06,88.23,2020/10/15,0.5,-2.1,5.57%,22.97,-0.06,-0.07,105.56,2020/10/15,0,0.20,105.56,2020/10/15,0,0.20,105.5611038,2020/10/15,0,0.196430962
291,688331,荣昌生物,2022/3/31,20220331,54.28,48,2022/3/31,1.5,8.3,3.49%,-14.92,0.01,0.09,44.80,2022/4/6,6,-0.07,44.80,2022/4/6,6,-0.07,48.20999908,2022/6/24,85,0.004374981
292,688332,中科蓝讯,2022/7/31,20220715,42.34,91.66,2022/7/15,2.7,4.2,-2.15%,-29.85,-0.03,0.00,63.55,2022/7/15,0,-0.31,63.55,2022/7/15,0,-0.31,63.55233002,2022/7/15,0,-0.306651429
293,688333,铂力特,2019/7/31,20190722,82.55,33,2019/7/22,2.8,-0.3,-0.52%,94.94,-0.11,0.18,50.62,2019/7/25,3,0.53,72.27,2019/8/6,15,1.19,72.26686859,2019/8/6,15,1.189905109
294,688335,复洁环保,2020/8/31,20200817,70.24,46.22,2020/8/17,2.4,-2,6.66%,40.89,0.07,-0.06,49.15,2020/8/21,4,0.06,52.58,2020/8/24,7,0.14,52.58015823,2020/8/24,7,0.137606193
295,688336,三生国健,2020/7/31,20200722,67.56,28.18,2020/7/22,2.7,-2.4,22.48%,91.98,0.00,-0.07,54.10,2020/7/22,0,0.92,54.10,2020/7/22,0,0.92,54.09999847,2020/7/22,0,0.919801223
296,688337,普源精电,2022/4/30,20220408,54.72,60.88,2022/4/8,2.1,8,-17.63%,-34.66,-0.08,0.04,40.83,2022/4/14,6,-0.33,44.85,2022/5/5,27,-0.26,63.09999847,2022/7/6,89,0.036465152
297,688338,赛科希德,2020/8/31,20200806,70.79,50.35,2020/8/6,2.4,-2,-6.54%,237.99,-0.12,-0.10,167.72,2020/8/6,0,2.33,167.72,2020/8/6,0,2.33,167.7213898,2020/8/6,0,2.331110025
298,688339,亿华通,2020/8/31,20200810,80.3,76.65,2020/8/10,2.4,-2,5.11%,144.12,-0.06,-0.09,133.66,2020/8/10,0,0.74,133.66,2020/8/10,0,0.74,142.5,2020/9/18,39,0.859099804
299,688343,云天励飞,2023/4/30,20230404,75.67,43.92,2023/4/4,0.5,-3.1,-7.39%,137.04,-0.05,0.02,104.11,2023/4/4,0,1.37,104.11,2023/4/4,0,1.37,104.1100006,2023/4/4,0,1.37044628
300,688345,博力威,2021/6/30,20210611,79.82,25.91,2021/6/11,1.1,8.8,8.94%,228.44,-0.19,-0.10,84.84,2021/6/11,0,2.27,84.84,2021/6/11,0,2.27,84.84014893,2021/6/11,0,2.274417172
301,688348,昱能科技,2022/6/30,20220608,74.46,163,2022/6/8,2.5,6.1,16.43%,77.98,0.02,0.15,377.00,2022/6/14,6,1.31,602.00,2022/7/7,29,2.69,726.5,2022/8/29,82,3.457055215
302,688349,三一重能,2022/6/30,20220622,68.34,29.8,2022/6/22,2.5,6.1,16.43%,37.45,0.04,0.00,43.78,2022/6/27,5,0.47,54.92,2022/7/20,28,0.84,54.91999817,2022/7/20,28,0.842952959
303,688350,富淼科技,2021/1/31,20210128,81.19,13.58,2021/1/28,-0.3,0.3,-9.01%,94.04,0.21,0.20,36.69,2021/2/1,4,1.70,36.69,2021/2/1,4,1.70,36.68821716,2021/2/1,4,1.701636021
304,688351,微电生理,2022/8/31,20220831,50.96,16.51,2022/8/31,2.5,2.3,-3.43%,-20.35,0.03,-0.03,13.89,2022/9/5,5,-0.16,14.18,2022/9/16,16,-0.14,28.60000038,2022/10/26,56,0.732283488
305,688352,颀中科技,2023/4/30,20230420,73.06,12.1,2023/4/20,0.5,-3.1,-5.16%,43.97,-0.14,-0.03,17.42,2023/4/20,0,0.44,17.42,2023/4/20,0,0.44,17.42000008,2023/4/20,0,0.439669428
306,688353,华盛锂电,2022/7/31,20220713,66,98.35,2022/7/13,2.7,4.2,11.18%,14.13,0.02,0.04,120.94,2022/7/19,6,0.23,120.94,2022/7/19,6,0.23,120.9400024,2022/7/19,6,0.229689908
307,688355,明志科技,2021/5/31,20210512,65.34,17.65,2021/5/12,1.3,9,4.03%,54.11,-0.01,-0.04,26.69,2021/5/12,0,0.51,30.52,2021/6/4,23,0.73,30.51599121,2021/6/4,23,0.728951343
308,688356,键凯科技,2020/8/31,20200826,79.38,41.18,2020/8/26,2.4,-2,-1.32%,232.3,-0.22,-0.07,135.83,2020/8/26,0,2.30,135.83,2020/8/26,0,2.30,135.8341064,2020/8/26,0,2.298545567
309,688357,建龙微纳,2019/12/31,20191204,57.57,43.28,2019/12/4,4.5,-0.5,3.64%,-2.15,-0.01,-0.03,42.67,2019/12/10,6,-0.01,47.32,2019/12/25,21,0.09,59.84624481,2020/2/18,76,0.382769058
310,688358,祥生医疗,2019/12/31,20191203,67.36,50.53,2019/12/3,4.5,-0.5,4.47%,2.04,-0.12,-0.01,35.10,2019/12/3,0,-0.31,35.10,2019/12/3,0,-0.31,47.61874771,2020/2/27,86,-0.057614334
311,688359,三孚新科,2021/5/31,20210521,79.26,11.03,2021/5/21,1.3,9,12.98%,253.58,-0.21,0.06,38.82,2021/5/21,0,2.52,41.61,2021/6/2,12,2.77,55.74485779,2021/8/13,84,4.053930896
312,688360,德马科技,2020/6/30,20200602,74.4,25.12,2020/6/2,2.5,-3,5.21%,193.79,-0.02,0.02,72.04,2020/6/2,0,1.87,72.04,2020/6/2,0,1.87,72.0424118,2020/6/2,0,1.867930406
314,688362,甬矽电子,2022/11/30,20221116,70.72,18.54,2022/11/16,1.6,-1.3,4.14%,62.03,0.03,-0.08,30.88,2022/11/17,1,0.67,30.88,2022/11/17,1,0.67,30.87999916,2022/11/17,1,0.665587873
315,688363,华熙生物,2019/11/30,20191106,74.07,47.79,2019/11/6,4.5,-1.4,-7.62%,78.07,0.03,-0.02,98.58,2019/11/15,9,1.06,98.58,2019/11/15,9,1.06,98.5811615,2019/11/15,9,1.062798943
316,688365,光云科技,2020/4/30,20200429,78.89,10.8,2020/4/29,3.3,-3.1,4.46%,252.13,0.13,0.21,42.84,2020/4/30,1,2.97,66.54,2020/5/28,29,5.16,73.39985657,2020/6/3,35,5.796283015
317,688366,昊海生科,2019/10/31,20191030,76.1,89.23,2019/10/30,3.8,-1.6,2.53%,46.48,-0.23,-0.02,128.57,2019/10/30,0,0.44,128.57,2019/10/30,0,0.44,128.5655365,2019/10/30,0,0.440833089
318,688367,工大高科,2021/6/30,20210628,71.67,11.53,2021/6/28,1.1,8.8,0.60%,108.15,-0.07,-0.04,23.74,2021/6/28,0,1.06,27.00,2021/7/6,8,1.34,26.99671745,2021/7/6,8,1.341432563
319,688368,晶丰明源,2019/10/31,20191014,69.96,56.68,2019/10/14,3.8,-1.6,-3.05%,84.12,-0.14,-0.04,100.86,2019/10/14,0,0.78,100.86,2019/10/14,0,0.78,100.8604813,2019/10/14,0,0.779472146
320,688369,致远互联,2019/10/31,20191031,76.65,49.39,2019/10/31,3.8,-1.6,1.69%,55.7,-0.06,-0.02,74.99,2019/10/31,0,0.52,74.99,2019/10/31,0,0.52,74.99234772,2019/10/31,0,0.518371082
321,688370,丛麟科技,2022/8/31,20220825,52.04,59.76,2022/8/25,2.5,2.3,-4.27%,-23.9,-0.06,0.00,45.48,2022/8/25,0,-0.24,45.48,2022/8/25,0,-0.24,45.47999954,2022/8/25,0,-0.238955831
322,688371,菲沃泰,2022/8/31,20220802,67.32,18.54,2022/8/2,2.5,2.3,-2.33%,57.98,0.25,-0.08,36.70,2022/8/3,1,0.98,38.00,2022/8/18,16,1.05,38,2022/8/18,16,1.049622438
323,688372,伟测科技,2022/10/31,20221026,71.82,61.49,2022/10/26,2.1,-1.3,6.74%,81.59,-0.03,-0.10,111.66,2022/10/26,0,0.82,111.66,2022/10/26,0,0.82,123.4800034,2023/1/20,86,1.008131458
324,688373,盟科药业,2022/8/31,20220805,67.84,8.16,2022/8/5,2.5,2.3,-3.73%,33.33,0.06,-0.11,11.58,2022/8/8,3,0.42,11.58,2022/8/8,3,0.42,11.57999992,2022/8/8,3,0.419117638
325,688375,国博电子,2022/7/31,20220722,69.83,70.88,2022/7/22,2.7,4.2,4.56%,35.43,0.00,0.08,103.14,2022/7/26,4,0.46,121.06,2022/8/10,19,0.71,121.06147,2022/8/10,19,0.70797785
326,688376,美埃科技,2022/11/30,20221118,64.4,29.19,2022/11/18,1.6,-1.3,8.17%,29.15,-0.11,-0.04,37.70,2022/11/18,0,0.29,37.70,2022/11/18,0,0.29,38.45000076,2023/2/14,88,0.317231955
327,688377,迪威尔,2020/7/31,20200708,70.54,16.42,2020/7/8,2.7,-2.4,13.32%,143.61,0.01,-0.02,39.77,2020/7/9,1,1.42,39.77,2020/7/9,1,1.42,39.77005386,2020/7/9,1,1.422049565
328,688378,奥来德,2020/9/30,20200903,72.99,62.57,2020/9/3,1.7,-2.1,-7.97%,51.25,0.06,-0.17,67.71,2020/9/4,1,0.08,67.71,2020/9/4,1,0.08,67.70775604,2020/9/4,1,0.082112131
329,688379,华光新材,2020/8/31,20200819,77.05,16.78,2020/8/19,2.4,-2,6.21%,199.23,-0.25,-0.05,49.26,2020/8/19,0,1.94,49.26,2020/8/19,0,1.94,49.26230621,2020/8/19,0,1.935775102
330,688380,中微半导,2022/8/31,20220805,79.54,30.86,2022/8/5,2.5,2.3,-3.10%,82.11,-0.14,-0.04,56.20,2022/8/5,0,0.82,56.20,2022/8/5,0,0.82,56.20000076,2022/8/5,0,0.821127698
331,688381,帝奥微,2022/8/31,20220823,67.4,41.68,2022/8/23,2.5,2.3,-3.10%,15.81,0.02,-0.06,49.05,2022/8/24,1,0.18,49.05,2022/8/24,1,0.18,49.04999924,2022/8/24,1,0.176823398
332,688382,益方生物,2022/7/31,20220725,50.33,18.12,2022/7/25,2.7,4.2,-2.28%,-15.62,-0.05,0.07,15.73,2022/7/28,3,-0.13,15.73,2022/7/28,3,-0.13,15.72999954,2022/7/28,3,-0.13189848
333,688383,新益昌,2021/4/30,20210428,74.3,19.58,2021/4/28,0.9,6.8,-0.92%,234.53,0.19,0.06,81.98,2021/4/30,2,3.19,113.86,2021/5/27,29,4.82,160.8037415,2021/7/26,89,7.212652781
334,688385,复旦微电,2021/8/31,20210804,76.14,6.23,2021/8/4,0.8,9.5,-9.41%,797.27,0.04,-0.05,58.24,2021/8/5,1,8.35,58.24,2021/8/5,1,8.35,58.23668289,2021/8/5,1,8.347782166
335,688386,泛亚微透,2020/10/31,20201016,88.57,16.28,2020/10/16,0.5,-2.1,3.09%,183.6,-0.18,0.09,45.68,2020/10/16,0,1.81,68.67,2020/11/13,28,3.22,82.7552948,2020/11/18,33,4.083249066
336,688387,信科移动,2022/9/30,20220926,46.2,6.05,2022/9/26,2.8,0.9,-9.93%,-3.31,-0.06,0.04,5.85,2022/9/26,0,-0.03,6.05,2022/10/18,22,0.00,6.050000191,2022/10/18,22,3.15264E-08
337,688388,嘉元科技,2019/7/31,20190722,76,28.26,2019/7/22,2.8,-0.3,-2.28%,100.5,0.06,-0.02,61.04,2019/7/30,8,1.16,77.52,2019/8/5,14,1.74,77.51613617,2019/8/5,14,1.742963063
338,688389,普门科技,2019/11/30,20191105,85.53,9.1,2019/11/5,4.5,-1.4,-3.30%,115.71,-0.08,0.11,19.62,2019/11/7,2,1.16,19.62,2019/11/7,2,1.16,19.67528534,2020/1/20,76,1.162119268
339,688390,固德威,2020/9/30,20200904,78.4,37.93,2020/9/4,1.7,-2.1,-0.78%,255.92,-0.08,-0.12,95.50,2020/9/4,0,1.52,109.65,2020/9/23,19,1.89,142.4757538,2020/11/10,67,2.756281407
340,688391,钜泉科技,2022/9/30,20220913,71.42,115,2022/9/13,2.8,0.9,-12.49%,20.09,0.20,-0.03,165.66,2022/9/14,1,0.44,165.66,2022/9/14,1,0.44,165.6600037,2022/9/14,1,0.440521771
341,688392,骄成超声,2022/9/30,20220927,78.22,71.18,2022/9/27,2.8,0.9,-11.28%,69.46,-0.06,0.00,120.62,2022/9/27,0,0.69,144.70,2022/10/26,29,1.03,179,2022/11/21,55,1.514751335
342,688393,安必平,2020/8/31,20200820,71.93,30.56,2020/8/20,2.4,-2,-6.54%,97.91,-0.07,-0.10,59.30,2020/8/20,0,0.94,59.30,2020/8/20,0,0.94,59.29868698,2020/8/20,0,0.940402061
343,688395,正弦电气,2021/4/30,20210429,83.41,15.95,2021/4/29,0.9,6.8,-0.69%,124.58,-0.16,-0.06,35.05,2021/4/29,0,1.20,35.05,2021/4/29,0,1.20,35.05131149,2021/4/29,0,1.197574388
344,688396,华润微,2020/2/29,20200227,61.09,12.8,2020/2/27,5.2,-0.4,6.87%,228.2,0.14,0.03,50.74,2020/3/3,5,2.96,50.74,2020/3/3,5,2.96,50.74438095,2020/3/3,5,2.964404762
345,688398,赛特新材,2020/2/29,20200211,75.78,24.12,2020/2/11,5.2,-0.4,0.91%,252.4,-0.01,-0.10,82.57,2020/2/11,0,2.42,82.57,2020/2/11,0,2.42,82.57448578,2020/2/11,0,2.423486143
346,688399,硕世生物,2019/12/31,20191205,74.07,46.78,2019/12/5,4.5,-0.5,4.47%,17.32,-0.07,-0.01,48.79,2019/12/5,0,0.04,55.74,2019/12/18,13,0.19,104.4446411,2020/2/3,60,1.232677236
347,688400,凌云光,2022/7/31,20220706,69.8,21.93,2022/7/6,2.7,4.2,11.23%,55.4,-0.15,-0.02,34.08,2022/7/6,0,0.55,37.12,2022/8/1,26,0.69,37.11999893,2022/8/1,26,0.69265841
348,688401,路维光电,2022/8/31,20220817,82.03,25.08,2022/8/17,2.5,2.3,-3.10%,129.23,-0.12,-0.08,57.49,2022/8/17,0,1.29,57.49,2022/8/17,0,1.29,57.49000168,2022/8/17,0,1.29226482
349,688403,汇成股份,2022/8/31,20220818,84.1,8.88,2022/8/18,2.5,2.3,-3.10%,90.77,0.03,-0.13,17.49,2022/8/19,1,0.97,17.49,2022/8/19,1,0.97,17.48999977,2022/8/19,1,0.969594569
350,688408,中信博,2020/8/31,20200828,71.35,42.19,2020/8/28,2.4,-2,5.11%,84.4,0.07,-0.02,93.11,2020/9/3,6,1.21,110.02,2020/9/16,19,1.61,155.2724762,2020/11/5,69,2.680314676
351,688409,富创精密,2022/10/31,20221010,67.99,69.99,2022/10/10,2.1,-1.3,6.74%,51.02,0.03,0.18,133.00,2022/10/14,4,0.90,151.10,2022/10/26,16,1.16,151.1000061,2022/10/26,16,1.158879927
352,688410,山外山,2022/12/31,20221226,44.14,32.3,2022/12/26,1.8,-0.7,-7.30%,-18.98,0.00,0.01,26.65,2022/12/28,2,-0.17,34.98,2023/1/11,16,0.08,44.04999924,2023/2/28,64,0.363777066
353,688416,恒烁股份,2022/8/31,20220829,53.8,65.11,2022/8/29,2.5,2.3,-3.10%,-24.96,0.03,-0.06,52.70,2022/9/2,4,-0.19,52.70,2022/9/2,4,-0.19,52.70000076,2022/9/2,4,-0.19060051
354,688418,震有科技,2020/7/31,20200722,75.99,16.25,2020/7/22,2.7,-2.4,6.01%,158.4,0.32,-0.02,57.77,2020/7/27,5,2.56,57.77,2020/7/27,5,2.56,57.77444458,2020/7/27,5,2.555350436
355,688419,耐科装备,2022/11/30,20221107,73.26,37.85,2022/11/7,1.6,-1.3,4.14%,19.13,-0.05,0.10,47.14,2022/11/9,2,0.25,47.14,2022/11/9,2,0.25,47.13999939,2022/11/9,2,0.24544252
356,688420,美腾科技,2022/12/31,20221209,59.04,48.96,2022/12/9,1.8,-0.7,-6.25%,1.94,-0.01,-0.05,49.91,2022/12/9,0,0.02,49.91,2022/12/9,0,0.02,49.90999985,2022/12/9,0,0.019403592
357,688425,铁建重工,2021/6/30,20210622,73.85,2.87,2021/6/22,1.1,8.8,4.41%,186.41,-0.04,-0.15,8.03,2021/6/22,0,1.80,8.03,2021/6/22,0,1.80,8.033958435,2021/6/22,0,1.799288653
358,688426,康为世纪,2022/10/31,20221025,47.23,48.98,2022/10/25,2.1,-1.3,10.36%,-10.94,0.02,0.01,44.90,2022/10/27,2,-0.08,53.20,2022/11/8,14,0.09,53.20000076,2022/11/8,14,0.086157631
359,688428,诺诚健华,2022/9/30,20220921,49.23,11.03,2022/9/21,2.8,0.9,-7.96%,-15.41,-0.04,0.02,9.33,2022/9/21,0,-0.15,12.46,2022/10/19,28,0.13,16,2022/12/14,84,0.450589302
360,688432,有研硅,2022/11/30,20221110,75.51,9.91,2022/11/10,1.6,-1.3,4.14%,91.73,-0.08,0.00,19.00,2022/11/10,0,0.92,19.00,2022/11/10,0,0.92,19,2022/11/10,0,0.917255298
361,688433,华曙高科,2023/4/30,20230417,78.24,26.66,2023/4/17,0.5,-3.1,-4.05%,15.9,-0.13,-0.01,30.90,2023/4/17,0,0.16,30.90,2023/4/17,0,0.16,30.89999962,2023/4/17,0,0.159039746
362,688435,英方软件,2023/1/31,20230119,77.85,38.66,2023/1/19,2.1,-0.8,13.43%,176.77,0.03,-0.04,110.00,2023/1/20,1,1.85,118.78,2023/2/3,15,2.07,132.3300018,2023/4/14,85,2.422917792
363,688439,振华风光,2022/8/31,20220826,71.05,66.99,2022/8/26,2.5,2.3,-5.17%,49.54,0.12,-0.02,113.60,2022/8/31,5,0.70,130.00,2022/9/15,20,0.94,147.4199982,2022/10/31,66,1.200626932
364,688448,磁谷科技,2022/9/30,20220921,50.17,32.9,2022/9/21,2.8,0.9,-9.35%,-11,0.00,-0.03,29.30,2022/9/22,1,-0.11,29.30,2022/9/22,1,-0.11,29.29999924,2022/9/22,1,-0.109422516
365,688455,科捷智能,2022/9/30,20220915,63.66,21.88,2022/9/15,2.8,0.9,-9.35%,-3.2,-0.17,-0.10,21.18,2022/9/15,0,-0.03,21.18,2022/9/15,0,-0.03,21.18000031,2022/9/15,0,-0.031992673
366,688456,有研粉材,2021/3/31,20210317,72.67,10.62,2021/3/17,0.4,4.4,-1.57%,290.49,-0.06,-0.03,40.85,2021/3/17,0,2.85,40.85,2021/3/17,0,2.85,40.84555817,2021/3/17,0,2.846097756
368,688459,哈铁科技,2022/10/31,20221012,60.01,13.58,2022/10/12,2.1,-1.3,4.82%,-30.34,-0.04,0.01,9.60,2022/10/18,6,-0.29,10.45,2022/11/8,27,-0.23,10.44999981,2022/11/8,27,-0.230486023
369,688466,金科环境,2020/5/31,20200508,72.65,24.61,2020/5/8,2.4,-3.7,-1.38%,112.52,-0.10,-0.08,51.84,2020/5/8,0,1.11,51.84,2020/5/8,0,1.11,51.843647,2020/5/8,0,1.10660898
370,688468,科美诊断,2021/4/30,20210409,80.24,7.15,2021/4/9,0.9,6.8,17.94%,248.81,-0.26,-0.02,24.61,2021/4/9,0,2.44,26.84,2021/4/30,21,2.75,29.40328789,2021/5/31,52,3.112347956
372,688475,萤石网络,2022/12/31,20221228,52.66,28.77,2022/12/28,1.8,-0.7,-5.12%,-12.23,-0.03,0.05,27.80,2023/1/3,6,-0.03,31.87,2023/1/20,23,0.11,40.65999985,2023/3/22,84,0.413277715
373,688478,晶升股份,2023/4/30,20230424,80.83,32.52,2023/4/24,0.5,-3.1,-5.16%,30.69,0.10,0.02,57.01,2023/4/27,3,0.75,57.01,2023/4/27,3,0.75,57.00999832,2023/4/27,3,0.753074979
375,688480,赛恩斯,2022/11/30,20221125,81.09,19.18,2022/11/25,1.6,-1.3,8.17%,33.11,-0.10,0.02,27.71,2022/12/1,6,0.44,29.22,2022/12/6,11,0.52,29.21999931,2022/12/6,11,0.523461904
376,688484,南芯科技,2023/4/30,20230407,68.39,39.99,2023/4/7,0.5,-3.1,-5.16%,48.41,-0.14,-0.05,59.35,2023/4/7,0,0.48,59.35,2023/4/7,0,0.48,59.34999847,2023/4/7,0,0.484120992
377,688485,九州一轨,2023/1/31,20230118,69.64,17.47,2023/1/18,2.1,-0.8,6.48%,23.41,-0.11,-0.01,21.56,2023/1/18,0,0.23,21.56,2023/1/18,0,0.23,21.55999947,2023/1/18,0,0.234115596
378,688486,龙迅股份,2023/2/28,20230221,79.55,64.76,2023/2/21,1,-1.4,1.06%,35.87,-0.03,0.05,90.11,2023/2/24,3,0.39,111.20,2023/3/10,17,0.72,111.1999969,2023/3/10,17,0.71710928
379,688488,艾迪药业,2020/7/31,20200720,73.65,13.99,2020/7/20,2.7,-2.4,22.48%,121.02,0.21,-0.08,37.41,2020/7/21,1,1.67,42.39,2020/8/4,15,2.03,42.39204407,2020/8/4,15,2.030167553
380,688489,三未信安,2022/12/31,20221202,81.12,78.89,2022/12/2,1.8,-0.7,-5.12%,51.48,0.03,0.00,123.59,2022/12/6,4,0.57,123.59,2022/12/6,4,0.57,130.4799957,2023/2/9,69,0.653948482
381,688496,清越科技,2022/12/31,20221228,73,9.16,2022/12/28,1.8,-0.7,-5.98%,8.84,0.00,-0.09,9.97,2022/12/28,0,0.09,11.80,2023/1/18,21,0.29,12.56999969,2023/2/13,47,0.372270709
382,688498,源杰科技,2022/12/31,20221221,71.56,100.66,2022/12/21,1.8,-0.7,-6.31%,15.66,0.05,-0.04,124.39,2022/12/27,6,0.24,136.29,2023/1/19,29,0.35,159.8699951,2023/2/15,56,0.588217714
383,688499,利元亨,2021/7/31,20210701,70.28,38.85,2021/7/1,1,9,12.75%,358.69,-0.07,0.11,195.48,2021/7/7,6,4.03,319.15,2021/7/30,29,7.22,367.038147,2021/8/6,36,8.447571351
384,688500,慧辰股份,2020/7/31,20200716,76.56,34.21,2020/7/16,2.7,-2.4,7.94%,218.65,-0.24,-0.10,108.70,2020/7/16,0,2.18,108.70,2020/7/16,0,2.18,108.7012787,2020/7/16,0,2.177470877
385,688501,青达环保,2021/7/31,20210716,72.22,10.57,2021/7/16,1,9,0.17%,134.91,-0.18,-0.06,24.55,2021/7/16,0,1.32,24.55,2021/7/16,0,1.32,24.54604912,2021/7/16,0,1.322237381
386,688502,茂莱光学,2023/3/31,20230309,72.51,69.72,2023/3/9,0.7,-2.5,2.26%,175.39,0.03,-0.05,197.55,2023/3/10,1,1.83,245.40,2023/4/7,29,2.52,261.6199951,2023/4/21,43,2.752438255
387,688503,聚和材料,2022/12/31,20221209,68.66,110,2022/12/9,1.8,-0.7,-6.18%,35.37,-0.06,-0.03,148.91,2022/12/9,0,0.35,158.36,2023/1/6,28,0.44,158.5299988,2023/1/9,31,0.441181807
388,688505,复旦张江,2020/6/30,20200619,75.78,8.95,2020/6/19,2.5,-3,12.94%,313.41,-0.11,0.09,36.64,2020/6/19,0,3.09,40.69,2020/7/9,20,3.55,40.69020844,2020/7/9,20,3.546392004
389,688506,百利天恒,2023/1/31,20230106,67.32,24.7,2023/1/6,2.1,-0.8,5.47%,29.76,0.20,0.12,43.00,2023/1/10,4,0.74,82.09,2023/2/2,27,2.32,82.08999634,2023/2/2,27,2.323481633
390,688507,索辰科技,2023/4/30,20230418,65.04,245.56,2023/4/18,0.5,-3.1,-7.39%,2.62,0.03,0.10,286.80,2023/4/24,6,0.17,286.80,2023/4/24,6,0.17,286.7999878,2023/4/24,6,0.167942612
391,688508,芯朋微,2020/7/31,20200722,72.52,28.3,2020/7/22,2.7,-2.4,10.01%,367.67,0.08,-0.11,141.42,2020/7/23,1,4.00,153.90,2020/7/31,9,4.44,153.9015961,2020/7/31,9,4.438218942
392,688509,正元地信,2021/7/31,20210730,70,1.97,2021/7/30,1,9,-4.32%,321.83,-0.13,-0.02,8.27,2021/7/30,0,3.20,8.27,2021/7/30,0,3.20,8.269681931,2021/7/30,0,3.197808087
393,688510,航亚科技,2020/12/31,20201216,98.96,8.17,2020/12/16,0.2,-0.4,3.06%,355.08,0.03,-0.11,38.17,2020/12/17,1,3.67,42.66,2020/12/23,7,4.22,42.65609741,2020/12/23,7,4.221064555
394,688511,天微电子,2021/7/31,20210730,82.39,28.09,2021/7/30,1,9,3.63%,268.46,0.04,-0.12,105.45,2021/8/2,3,2.75,105.45,2021/8/2,3,2.75,105.4497299,2021/8/2,3,2.753995369
396,688513,苑东生物,2020/9/30,20200902,72.43,44.36,2020/9/2,1.7,-2.1,-9.27%,68.44,-0.02,-0.11,72.95,2020/9/2,0,0.64,72.95,2020/9/2,0,0.64,72.95429993,2020/9/2,0,0.644596482
397,688515,裕太微,2023/2/28,20230210,62.14,92,2023/2/10,1,-1.4,1.06%,152.7,-0.02,0.04,237.60,2023/2/14,4,1.58,237.60,2023/2/14,4,1.58,237.6000061,2023/2/14,4,1.582608762
398,688516,奥特维,2020/5/31,20200521,73.48,23.28,2020/5/21,2.4,-3.7,-1.12%,167.18,0.03,-0.12,43.55,2020/5/22,1,0.87,43.55,2020/5/22,1,0.87,53.57539368,2020/8/14,85,1.301348526
399,688517,金冠电气,2021/6/30,20210618,65.87,7.71,2021/6/18,1.1,8.8,8.94%,101.69,-0.06,0.14,16.03,2021/6/22,4,1.08,16.03,2021/6/22,4,1.08,16.03227806,2021/6/22,4,1.079413497
400,688518,联赢激光,2020/6/30,20200622,73.28,7.81,2020/6/22,2.5,-3,9.64%,235.72,0.04,0.07,28.72,2020/6/24,2,2.68,30.28,2020/7/9,17,2.88,30.28284836,2020/7/9,17,2.877445372
401,688519,南亚新材,2020/8/31,20200818,70.87,32.6,2020/8/18,2.4,-2,-2.87%,88.8,-0.21,-0.08,60.64,2020/8/18,0,0.86,60.64,2020/8/18,0,0.86,60.63793945,2020/8/18,0,0.860059492
402,688520,神州细胞,2020/6/30,20200622,73.83,25.64,2020/6/22,2.5,-3,18.99%,184.98,-0.02,0.04,74.00,2020/6/24,2,1.89,101.80,2020/7/13,21,2.97,101.8000031,2020/7/13,21,2.970358933
403,688521,芯原股份,2020/8/31,20200818,74.45,38.53,2020/8/18,2.4,-2,-2.87%,284.12,-0.01,-0.13,148.00,2020/8/18,0,2.84,148.00,2020/8/18,0,2.84,148,2020/8/18,0,2.84116273
404,688522,纳睿雷达,2023/3/31,20230301,70.71,46.68,2023/3/1,0.7,-2.5,-3.39%,29.39,0.00,0.01,62.00,2023/3/6,5,0.33,78.10,2023/3/13,12,0.67,78.09999847,2023/3/13,12,0.673093369
406,688526,科前生物,2020/9/30,20200922,75.87,11.69,2020/9/22,1.7,-2.1,-13.51%,170.15,0.13,-0.03,35.00,2020/9/23,1,1.99,40.23,2020/10/20,28,2.44,48.88427734,2020/11/27,66,3.18171748
407,688528,秦川物联,2020/7/31,20200701,72.29,11.33,2020/7/1,2.7,-2.4,7.48%,186.41,-0.05,-0.05,31.91,2020/7/1,0,1.82,31.91,2020/7/1,0,1.82,31.90771675,2020/7/1,0,1.816215071
408,688529,豪森股份,2020/11/30,20201109,80.52,20.2,2020/11/9,-0.5,-1.5,1.27%,291.58,-0.18,-0.05,78.17,2020/11/9,0,2.87,78.17,2020/11/9,0,2.87,78.16680908,2020/11/9,0,2.869644014
409,688531,日联科技,2023/3/31,20230331,66.88,152.38,2023/3/31,0.7,-2.5,-2.75%,27.44,0.00,-0.06,194.30,2023/4/3,3,0.28,195.29,2023/4/7,7,0.28,195.2899933,2023/4/7,7,0.281598591
410,688533,上声电子,2021/4/30,20210419,80.48,7.72,2021/4/19,0.9,6.8,1.85%,316.84,-0.19,-0.15,32.11,2021/4/19,0,3.16,32.11,2021/4/19,0,3.16,32.11208725,2021/4/19,0,3.159596794
411,688535,华海诚科,2023/4/30,20230404,75.1,35,2023/4/4,0.5,3.1,-5.16%,79,0.32,-0.12,83.00,2023/4/6,2,1.37,83.00,2023/4/6,2,1.37,83,2023/4/6,2,1.371428571
412,688536,思瑞浦,2020/9/30,20200921,74.74,115.71,2020/9/21,1.7,-2.1,-5.13%,77.17,0.14,0.12,177.19,2020/9/25,4,0.53,207.18,2020/10/20,29,0.79,298.1583862,2020/12/14,84,1.576772848
413,688538,和辉光电,2021/5/31,20210528,66.17,2.65,2021/5/28,1.3,9,5.35%,58.49,-0.05,0.03,4.20,2021/5/28,0,0.58,4.20,2021/5/28,0,0.58,4.199999809,2021/5/28,0,0.584905588
414,688539,高华科技,2023/4/30,20230418,57.37,38.22,2023/4/18,0.5,3.1,-1.61%,-8.42,0.08,0.01,40.64,2023/4/24,6,0.06,42.70,2023/4/25,7,0.12,42.70000076,2023/4/25,7,0.117216137
415,688550,瑞联新材,2020/9/30,20200902,66.38,113.72,2020/9/2,1.7,-2.1,-7.39%,11.84,-0.09,-0.01,87.61,2020/9/2,0,-0.23,87.61,2020/9/2,0,-0.23,87.60744476,2020/9/2,0,-0.229621485
416,688551,科威尔,2020/9/30,20200910,70.23,37.94,2020/9/10,1.7,-2.1,-0.78%,33.1,-0.09,0.02,49.82,2020/9/10,0,0.31,49.82,2020/9/10,0,0.31,49.82144165,2020/9/10,0,0.313163987
418,688553,汇宇制药,2021/10/31,20211026,66.48,38.87,2021/10/26,1.5,13.5,-3.68%,1.9,-0.13,-0.05,39.25,2021/10/26,0,0.01,39.25,2021/10/26,0,0.01,39.24975586,2021/10/26,0,0.009769896
420,688556,高测股份,2020/8/31,20200807,72.74,14.41,2020/8/7,2.4,-2,5.11%,240.39,-0.18,-0.04,34.75,2020/8/7,0,1.41,34.75,2020/8/7,0,1.41,34.75248718,2020/8/7,0,1.411692379
421,688557,兰剑智能,2020/12/31,20201202,74.27,27.7,2020/12/2,0.2,-0.4,-5.09%,137.36,-0.12,-0.01,64.39,2020/12/2,0,1.32,64.39,2020/12/2,0,1.32,64.38957214,2020/12/2,0,1.32453329
422,688558,国盛智科,2020/6/30,20200630,71.35,17.37,2020/6/30,2.5,-3,5.21%,155.04,0.01,-0.04,43.56,2020/7/1,1,1.51,43.56,2020/7/1,1,1.51,43.55513382,2020/7/1,1,1.507491872
423,688559,海目星,2020/9/30,20200909,72.75,14.56,2020/9/9,1.7,-2.1,-7.61%,119.51,-0.25,0.07,31.96,2020/9/9,0,1.20,31.96,2020/9/9,0,1.20,31.95999908,2020/9/9,0,1.195054882
424,688560,明冠新材,2020/12/31,20201224,74.88,15.87,2020/12/24,0.2,-0.4,2.38%,109.7,0.03,-0.04,33.92,2020/12/25,1,1.14,33.92,2020/12/25,1,1.14,33.91803741,2020/12/25,1,1.137242433
425,688561,奇安信,2020/7/31,20200722,65.12,56.1,2020/7/22,2.7,-2.4,7.94%,138.06,-0.02,0.01,133.55,2020/7/22,0,1.38,133.55,2020/7/22,0,1.38,133.5500031,2020/7/22,0,1.380570464
427,688565,力源科技,2021/5/31,20210513,71.16,9.39,2021/5/13,1.3,9,5.38%,176.89,-0.16,-0.15,18.17,2021/5/13,0,0.94,18.17,2021/5/13,0,0.94,18.17204285,2021/5/13,0,0.935254829
428,688566,吉贝尔,2020/5/31,20200518,67.33,23.69,2020/5/18,2.4,-3.7,1.92%,92.91,0.20,-0.05,51.93,2020/5/19,1,1.19,51.93,2020/5/19,1,1.19,51.92527008,2020/5/19,1,1.191864503
429,688567,孚能科技,2020/7/31,20200717,63.28,15.9,2020/7/17,2.7,-2.4,15.31%,75.85,0.05,0.01,29.78,2020/7/21,4,0.87,29.78,2020/7/21,4,0.87,30.93000031,2020/10/14,89,0.945283038
430,688568,中科星图,2020/7/31,20200708,69.67,16.21,2020/7/8,2.7,-2.4,7.94%,438.37,0.14,-0.08,100.31,2020/7/14,6,5.19,100.31,2020/7/14,6,5.19,100.307045,2020/7/14,6,5.187973164
431,688569,铁科轨道,2020/8/31,20200831,68.94,22.46,2020/8/31,2.4,-2,7.56%,52.89,-0.09,-0.07,33.51,2020/8/31,0,0.49,33.51,2020/8/31,0,0.49,33.51057816,2020/8/31,0,0.492011494
432,688571,杭华股份,2020/12/31,20201211,71.4,5.33,2020/12/11,0.2,-0.4,-8.19%,174.3,-0.20,0.05,14.04,2020/12/11,0,1.63,14.04,2020/12/11,0,1.63,14.03971672,2020/12/11,0,1.634093193
433,688575,亚辉龙,2021/5/31,20210517,78.33,14.8,2021/5/17,1.3,9,9.23%,332.43,-0.05,0.00,46.82,2021/5/20,3,2.16,48.19,2021/5/25,8,2.26,48.18556213,2021/5/25,8,2.255781225
434,688577,浙海德曼,2020/9/30,20200916,77.29,33.13,2020/9/16,1.7,-2.1,-3.78%,85.15,0.08,-0.12,65.32,2020/9/17,1,0.97,65.32,2020/9/17,1,0.97,65.31951141,2020/9/17,1,0.971612177
435,688578,艾力斯,2020/12/31,20201202,76.6,22.73,2020/12/2,0.2,-0.4,-5.36%,69.6,-0.03,-0.09,38.55,2020/12/2,0,0.70,38.55,2020/12/2,0,0.70,38.54999924,2020/12/2,0,0.695996447
436,688579,山大地纬,2020/7/31,20200717,79.44,8.12,2020/7/17,2.7,-2.4,7.94%,271.92,-0.16,0.06,29.63,2020/7/17,0,2.65,29.63,2020/7/17,0,2.65,29.62873077,2020/7/17,0,2.64885847
437,688580,伟思医疗,2020/7/31,20200721,70.8,67.58,2020/7/21,2.7,-2.4,16.19%,167.83,-0.05,-0.03,175.37,2020/7/21,0,1.59,217.22,2020/8/5,15,2.21,217.2243652,2020/8/5,15,2.214329169
439,688585,上纬新材,2020/9/30,20200928,80.2,2.49,2020/9/28,1.7,-2.1,-5.29%,556.63,-0.11,-0.02,16.22,2020/9/28,0,5.51,16.22,2020/9/28,0,5.51,17.56021881,2020/11/18,51,6.052296711
440,688586,江航装备,2020/7/31,20200731,76.31,10.27,2020/7/31,2.7,-2.4,26.62%,292.99,0.24,-0.07,35.08,2020/8/3,3,2.42,35.08,2020/8/3,3,2.42,35.07787323,2020/8/3,3,2.415567014
441,688588,凌志软件,2020/5/31,20200511,76.46,11.49,2020/5/11,2.4,-3.7,-0.83%,264.93,-0.02,0.19,48.02,2020/5/15,4,3.18,48.02,2020/5/15,4,3.18,51.07774734,2020/7/14,64,3.44540882
442,688589,力合微,2020/7/31,20200722,77.88,17.91,2020/7/22,2.7,-2.4,10.01%,341.49,0.07,-0.16,83.21,2020/7/23,1,3.65,83.21,2020/7/23,1,3.65,83.21198273,2020/7/23,1,3.646118522
443,688590,新致软件,2020/12/31,20201207,77.29,10.73,2020/12/7,0.2,-0.4,-8.22%,151.26,-0.05,0.01,20.13,2020/12/7,0,0.88,20.13,2020/12/7,0,0.88,20.13389778,2020/12/7,0,0.876411722
444,688595,芯海科技,2020/9/30,20200928,81.84,22.82,2020/9/28,1.7,-2.1,-5.13%,175.24,0.11,-0.11,49.46,2020/9/29,1,1.17,50.31,2020/10/12,14,1.20,57.39406586,2020/11/9,42,1.515077382
445,688596,正帆科技,2020/8/31,20200820,76.37,15.67,2020/8/20,2.4,-2,4.85%,111.23,0.02,-0.10,33.16,2020/8/21,1,1.12,33.16,2020/8/21,1,1.12,33.16316605,2020/8/21,1,1.116347546
446,688597,煜邦电力,2021/6/30,20210617,69.49,5.88,2021/6/17,1.1,8.8,8.94%,144.56,-0.09,0.02,14.09,2021/6/17,0,1.40,14.09,2021/6/17,0,1.40,15.47362614,2021/8/13,57,1.631569071
447,688598,金博股份,2020/5/31,20200518,72.29,47.2,2020/5/18,2.4,-3.7,-1.12%,92.65,0.06,-0.04,95.67,2020/5/19,1,1.03,97.50,2020/6/3,16,1.07,110.5004959,2020/8/10,84,1.341112201
448,688599,天合光能,2020/6/30,20200610,69.43,8.16,2020/6/10,2.5,-3,5.99%,110.91,0.02,0.02,17.65,2020/6/12,2,1.16,17.95,2020/7/9,29,1.20,17.95068932,2020/7/9,29,1.199839377
449,688600,皖仪科技,2020/7/31,20200703,71.9,15.5,2020/7/3,2.7,-2.4,9.95%,131.61,-0.01,0.04,36.08,2020/7/9,6,1.33,36.14,2020/7/10,7,1.33,36.13667297,2020/7/10,7,1.331398256
450,688601,力芯微,2021/6/30,20210628,81.38,36.48,2021/6/28,1.1,8.8,21.34%,327.63,0.06,0.12,130.45,2021/6/30,2,2.58,130.45,2021/6/30,2,2.58,149.5918121,2021/8/9,42,3.100652745
451,688606,奥泰生物,2021/3/31,20210325,62.31,133.67,2021/3/25,0.4,4.4,-1.21%,30.13,-0.13,-0.06,166.54,2021/3/25,0,0.25,166.54,2021/3/25,0,0.25,179.2104645,2021/4/27,33,0.340693233
452,688607,康众医疗,2021/2/28,20210201,85.64,23.21,2021/2/1,-0.2,1.7,-0.29%,266.22,-0.31,0.00,83.42,2021/2/1,0,2.59,83.42,2021/2/1,0,2.59,83.41834259,2021/2/1,0,2.594069047
453,688608,恒玄科技,2020/12/31,20201216,68.82,162.07,2020/12/16,0.2,-0.4,-2.46%,123.36,0.03,0.00,371.01,2020/12/18,2,1.29,371.01,2020/12/18,2,1.29,414.910553,2021/1/20,35,1.56007005
454,688609,九联科技,2021/3/31,20210323,79.8,3.99,2021/3/23,0.4,4.4,-2.52%,239.35,-0.21,-0.06,13.44,2021/3/23,0,2.37,13.44,2021/3/23,0,2.37,20.32484818,2021/6/11,80,4.093946911
455,688611,杭州柯林,2021/4/30,20210412,70.83,33.44,2021/4/12,0.9,6.8,-1.42%,68.36,-0.14,-0.03,54.84,2021/4/12,0,0.64,54.84,2021/4/12,0,0.64,54.84144974,2021/4/12,0,0.639995507
456,688613,奥精医疗,2021/5/31,20210521,84.73,16.43,2021/5/21,1.3,9,9.23%,478.27,-0.08,0.16,109.36,2021/5/27,6,5.66,133.43,2021/6/1,11,7.12,133.4275665,2021/6/1,11,7.120971791
457,688616,西力科技,2021/3/31,20210318,73.87,7.35,2021/3/18,0.4,4.4,2.65%,150.07,-0.10,0.00,17.74,2021/3/18,0,1.41,17.74,2021/3/18,0,1.41,17.74176216,2021/3/18,0,1.413845192
458,688617,惠泰医疗,2021/1/31,20210107,68.78,74.46,2021/1/7,-0.3,0.3,-1.09%,245.18,-0.12,-0.03,255.22,2021/1/7,0,2.43,255.22,2021/1/7,0,2.43,255.2192078,2021/1/7,0,2.427601501
459,688618,三旺通信,2020/12/31,20201230,76.63,34.08,2020/12/30,0.2,-0.4,-10.94%,79.49,-0.12,0.03,62.62,2021/1/5,6,0.84,65.48,2021/1/7,8,0.92,65.48135376,2021/1/7,8,0.921401225
460,688619,罗普特,2021/2/28,20210223,69.13,19.31,2021/2/23,-0.2,1.7,3.30%,102.43,-0.17,-0.02,38.83,2021/2/23,0,1.01,38.83,2021/2/23,0,1.01,38.83256912,2021/2/23,0,1.01100824
461,688621,阳光诺和,2021/6/30,20210621,74.78,26.89,2021/6/21,1.1,8.8,2.58%,346.6,-0.01,-0.10,119.74,2021/6/21,0,3.45,119.74,2021/6/21,0,3.45,144.2794495,2021/9/17,88,4.365542933
462,688622,禾信仪器,2021/9/30,20210913,83.01,17.7,2021/9/13,0.7,10.7,-3.83%,425.42,-0.04,0.05,93.44,2021/9/15,2,4.28,93.44,2021/9/15,2,4.28,93.43672943,2021/9/15,2,4.278911267
463,688625,呈和科技,2021/6/30,20210607,77.12,16.48,2021/6/7,1.1,8.8,-2.00%,147.45,0.02,-0.06,44.42,2021/6/10,3,1.70,55.33,2021/7/5,28,2.36,64.07678223,2021/8/24,78,2.888154261
464,688626,翔宇医疗,2021/3/31,20210331,71.43,28.82,2021/3/31,0.4,4.4,-1.21%,55.45,0.15,0.06,53.76,2021/4/2,2,0.87,77.07,2021/4/28,28,1.67,118.6464844,2021/6/25,86,3.1168107
465,688628,优利德,2021/2/28,20210201,77.37,19.11,2021/2/1,-0.2,1.7,-1.13%,274.67,-0.29,0.06,69.87,2021/2/1,0,2.66,69.87,2021/2/1,0,2.66,69.86642456,2021/2/1,0,2.656013844
466,688630,芯碁微装,2021/4/30,20210401,77.37,15.23,2021/4/1,0.9,6.8,-0.92%,189.56,0.52,0.04,71.11,2021/4/7,6,3.67,71.11,2021/4/7,6,3.67,77.89916992,2021/6/29,89,4.11485029
467,688633,星球石墨,2021/3/31,20210324,73.56,33.62,2021/3/24,0.4,4.4,1.83%,84.12,-0.15,0.04,60.80,2021/3/24,0,0.81,60.80,2021/3/24,0,0.81,60.80011368,2021/3/24,0,0.808450734
468,688636,智明达,2021/4/30,20210408,77.91,34.5,2021/4/8,0.9,6.8,-5.27%,212.99,-0.20,-0.12,107.56,2021/4/8,0,2.12,107.56,2021/4/8,0,2.12,123.1188126,2021/7/5,88,2.568661234
469,688639,华恒生物,2021/4/30,20210422,73.22,23.16,2021/4/22,0.9,6.8,-8.28%,52.2,0.03,0.19,42.67,2021/4/28,6,0.84,52.89,2021/5/20,28,1.28,59.80842972,2021/6/1,40,1.582401974
470,688655,迅捷兴,2021/5/31,20210511,71.68,7.59,2021/5/11,1.3,9,7.15%,197.23,-0.13,-0.06,22.42,2021/5/11,0,1.95,22.42,2021/5/11,0,1.95,22.4233284,2021/5/11,0,1.954325217
471,688656,浩欧博,2021/1/31,20210113,83.32,35.26,2021/1/13,-0.3,0.3,-1.09%,81.51,0.20,-0.09,75.72,2021/1/14,1,1.15,91.05,2021/1/25,12,1.58,100.0043945,2021/3/1,47,1.836199505
472,688658,悦康药业,2020/12/31,20201224,68.78,24.36,2020/12/24,0.2,-0.4,-5.36%,29.89,-0.15,-0.07,29.84,2020/12/24,0,0.23,29.84,2020/12/24,0,0.23,29.84240341,2020/12/24,0,0.225057611
473,688659,元琛科技,2021/3/31,20210331,73.14,6.5,2021/3/31,0.4,4.4,14.65%,160.77,-0.16,0.06,16.57,2021/3/31,0,1.55,16.57,2021/3/31,0,1.55,16.57046127,2021/3/31,0,1.549301734
474,688660,电气风电,2021/5/31,20210519,69.66,5.44,2021/5/19,1.3,9,7.38%,115.99,-0.05,-0.10,11.60,2021/5/19,0,1.13,11.60,2021/5/19,0,1.13,11.60328388,2021/5/19,0,1.132956596
475,688661,和林微纳,2021/3/31,20210329,73.85,17.71,2021/3/29,0.4,4.4,-4.13%,86.9,0.28,0.04,47.23,2021/4/2,4,1.67,60.74,2021/4/22,24,2.43,89.53503418,2021/6/1,64,4.055620225
476,688662,富信科技,2021/4/30,20210401,75.68,15.61,2021/4/1,0.9,6.8,3.18%,129.98,0.06,-0.07,37.28,2021/4/2,1,1.39,37.28,2021/4/2,1,1.39,44.52459717,2021/5/14,43,1.852312439
477,688663,新风光,2021/4/30,20210413,74.86,14.48,2021/4/13,0.9,6.8,-1.42%,53.66,-0.11,0.00,21.91,2021/4/19,6,0.51,21.91,2021/4/19,6,0.51,23.6582222,2021/7/9,87,0.633855124
478,688665,四方光电,2021/2/28,20210209,77.68,29.53,2021/2/9,-0.2,1.7,-1.13%,121.81,-0.27,0.07,64.57,2021/2/9,0,1.19,71.97,2021/3/1,20,1.44,92.13815308,2021/5/6,86,2.120154185
479,688667,菱电电控,2021/3/31,20210312,70.13,75.42,2021/3/12,0.4,4.4,0.51%,65.08,-0.17,-0.01,123.76,2021/3/12,0,0.64,137.18,2021/4/2,21,0.82,138.1724548,2021/5/6,55,0.832039974
480,688668,鼎通科技,2020/12/31,20201221,75.06,20.07,2020/12/21,0.2,-0.4,-10.94%,123.67,-0.14,-0.07,43.64,2020/12/21,0,1.17,43.64,2020/12/21,0,1.17,43.63638687,2020/12/21,0,1.17420961
481,688669,聚石化学,2021/1/31,20210125,67.93,36.65,2021/1/25,-0.3,0.3,-0.09%,42.84,-0.14,0.02,51.73,2021/1/25,0,0.41,51.73,2021/1/25,0,0.41,51.7326355,2021/1/25,0,0.411531664
483,688676,金盘科技,2021/3/31,20210309,75.89,10.1,2021/3/9,0.4,4.4,2.65%,141.09,-0.17,-0.04,23.60,2021/3/9,0,1.34,23.60,2021/3/9,0,1.34,23.60295868,2021/3/9,0,1.336926602
484,688677,海泰新光,2021/2/28,20210226,75.5,35.76,2021/2/26,-0.2,1.7,-0.29%,57.21,0.16,0.05,67.63,2021/3/2,4,0.89,77.24,2021/3/24,26,1.16,104.8090134,2021/5/25,88,1.930900821
485,688678,福立旺,2020/12/31,20201223,69.99,18.05,2020/12/23,0.2,-0.4,-7.11%,59.94,-0.10,-0.01,28.12,2020/12/23,0,0.56,28.12,2020/12/23,0,0.56,28.119627,2020/12/23,0,0.557874072
486,688679,通源环境,2020/12/31,20201225,70.25,12.05,2020/12/25,0.2,-0.4,-8.19%,57.84,-0.16,-0.03,18.52,2020/12/25,0,0.54,18.52,2020/12/25,0,0.54,18.51655579,2020/12/25,0,0.536643634
487,688680,海优新材,2021/1/31,20210122,75.83,69.94,2021/1/22,-0.3,0.3,-7.05%,211.7,-0.06,0.00,216.96,2021/1/22,0,2.10,216.96,2021/1/22,0,2.10,216.9620056,2021/1/22,0,2.10211618
488,688681,科汇股份,2021/6/30,20210616,68.07,9.56,2021/6/16,1.1,8.8,8.94%,157.43,-0.20,-0.02,24.39,2021/6/16,0,1.55,24.39,2021/6/16,0,1.55,24.39108276,2021/6/16,0,1.55136849
489,688682,霍莱沃,2021/4/30,20210420,84.45,45.72,2021/4/20,0.9,6.8,-5.27%,126.4,-0.17,0.04,73.15,2021/4/20,0,0.60,73.15,2021/4/20,0,0.60,123.4032822,2021/7/8,79,1.699109409
490,688683,莱尔科技,2021/4/30,20210412,73.03,9.51,2021/4/12,0.9,6.8,-3.30%,85.7,-0.08,-0.05,17.36,2021/4/12,0,0.83,17.36,2021/4/12,0,0.83,17.48944664,2021/6/28,77,0.839058532
491,688685,迈信林,2021/5/31,20210513,84.65,9.02,2021/5/13,1.3,9,12.65%,240.02,-0.06,-0.14,30.67,2021/5/13,0,2.40,30.67,2021/5/13,0,2.40,35.88000107,2021/7/26,74,2.977827169
492,688686,奥普特,2020/12/31,20201231,75.69,78.49,2020/12/31,0.2,-0.4,0.46%,176.21,0.19,0.05,182.39,2021/1/6,6,1.32,249.71,2021/1/27,27,2.18,249.7097473,2021/1/27,27,2.181421166
493,688687,凯因科技,2021/2/28,20210208,72.34,18.98,2021/2/8,-0.2,1.7,1.12%,121.29,-0.24,0.02,41.20,2021/2/8,0,1.17,41.20,2021/2/8,0,1.17,41.19856644,2021/2/8,0,1.170630476
494,688689,银河微电,2021/1/31,20210127,73.82,14.01,2021/1/27,-0.3,0.3,-5.68%,128.91,0.12,0.01,40.33,2021/2/1,5,1.88,40.33,2021/2/1,5,1.88,40.32950592,2021/2/1,5,1.878622835
495,688690,纳微科技,2021/6/30,20210623,80.25,8.07,2021/6/23,1.1,8.8,-1.24%,"1,273.98",0.04,-0.10,117.18,2021/6/29,6,13.52,117.38,2021/6/30,7,13.55,117.3820877,2021/6/30,7,13.54548794
496,688696,极米科技,2021/3/31,20210303,82.54,133.73,2021/3/3,0.4,4.4,-2.52%,296.33,0.00,0.16,430.15,2021/3/5,2,2.22,430.15,2021/3/5,2,2.22,522.0198975,2021/5/18,76,2.903536211
497,688697,纽威数控,2021/9/30,20210917,71.94,7.55,2021/9/17,0.7,10.7,-7.61%,197.62,-0.15,0.03,22.08,2021/9/17,0,1.92,22.08,2021/9/17,0,1.92,22.08043671,2021/9/17,0,1.924561153
498,688698,伟创电气,2020/12/31,20201229,80.91,10.75,2020/12/29,0.2,-0.4,0.46%,86.23,-0.03,-0.08,19.68,2020/12/29,0,0.83,20.64,2021/1/7,9,0.92,20.6401329,2021/1/7,9,0.920012363
499,688699,明微电子,2020/12/31,20201218,72.78,38.43,2020/12/18,0.2,-0.4,-2.46%,118.53,-0.15,-0.12,55.14,2020/12/18,0,0.43,55.14,2020/12/18,0,0.43,55.14363861,2020/12/18,0,0.434911231
500,688700,东威科技,2021/6/30,20210615,80.25,9.41,2021/6/15,1.1,8.8,4.41%,339.21,-0.23,0.04,40.92,2021/6/15,0,3.35,65.34,2021/7/6,21,5.94,67.14514923,2021/8/23,69,6.135510014
502,688707,振华新材,2021/9/30,20210914,77.21,11.75,2021/9/14,0.7,10.7,-1.18%,299.74,0.00,-0.13,46.75,2021/9/14,0,2.98,46.75,2021/9/14,0,2.98,55.04536057,2021/11/29,76,3.684711537
503,688711,宏微科技,2021/9/30,20210901,73.04,27.51,2021/9/1,0.7,10.7,-6.12%,179.53,0.31,-0.08,72.06,2021/9/2,1,1.62,75.13,2021/9/30,29,1.73,120.6728516,2021/11/22,82,3.386508599
504,688718,唯赛勃,2021/7/31,20210728,89.6,5.85,2021/7/28,1,9,1.21%,586.84,0.12,-0.14,45.10,2021/7/29,1,6.71,45.82,2021/8/9,12,6.83,45.81999969,2021/8/9,12,6.83247858
505,688722,同益中,2021/10/31,20211019,94.13,4.51,2021/10/19,1.5,13.5,-4.43%,262.08,-0.11,-0.06,16.33,2021/10/19,0,2.62,16.33,2021/10/19,0,2.62,16.57999992,2021/11/23,35,2.676274928
506,688728,格科微,2021/8/31,20210818,70.37,14.38,2021/8/18,0.8,9.5,-9.41%,145.13,0.10,-0.08,38.71,2021/8/19,1,1.69,38.71,2021/8/19,1,1.69,38.70999908,2021/8/19,1,1.691933177
507,688733,壹石通,2021/8/31,20210817,75.51,15.49,2021/8/17,0.8,9.5,10.26%,302.84,0.01,0.11,75.76,2021/8/23,6,3.89,100.55,2021/8/27,10,5.49,100.5471649,2021/8/27,10,5.491101673
508,688737,中自科技,2021/10/31,20211022,55.3,70.9,2021/10/22,1.5,13.5,2.72%,-6.87,-0.03,-0.04,65.48,2021/10/22,0,-0.08,65.48,2021/10/22,0,-0.08,65.48474884,2021/10/22,0,-0.076378719
509,688739,成大生物,2021/10/31,20211028,53,110,2021/10/28,1.5,13.5,-5.30%,-27.27,-0.01,0.01,78.57,2021/11/1,4,-0.29,79.30,2021/11/16,19,-0.28,79.29632568,2021/11/16,19,-0.279124312
,,,,,,,,,,,,,,,,,,,,,,,,,
